location,species_code,forest,distance,left_amplitude,right_amplitude
PB-ASP10-25,NSWO,AS,25,-28.7,-30.14
PB-ASP10-25,VESP,AS,25,-19.82,-20.97
PB-ASP10-25,CCSP,AS,25,-23.03,-22.02
PB-ASP10-25,BOCH,AS,25,-29.22,-29.95
PB-ASP10-25,CSWA,AS,25,-21.95,-19.52
PB-ASP10-25,BOCH,AS,25,-37.03,-37.44
PB-ASP10-25,BRBL,AS,25,-19.0,-18.9
PB-ASP10-25,AMCR,AS,25,-17.58,-23.58
PB-ASP10-25,WEME,AS,25,-14.44,-18.72
PB-ASP10-25,MAWR,AS,25,-14.87,-19.58
PB-ASP10-25,MGWA,AS,25,-23.6,-24.03
PB-ASP10-25,ALFL,AS,25,-19.78,-18.81
PB-ASP10-25,DEJU,AS,25,-26.25,-24.54
PB-ASP10-25,NSWO,AS,25,-13.52,-22.25
PB-ASP10-25,AMRO,AS,25,-10.17,-13.2
PB-ASP10-74,BADO,AS,74,-35.33,-37.54
PB-ASP10-74,VESP,AS,74,-33.27,-35.18
PB-ASP10-74,CCSP,AS,74,-42.85,-40.97
PB-ASP10-74,CSWA,AS,74,-39.78,-37.15
PB-ASP10-74,BRBL,AS,74,-36.74,-35.68
PB-ASP10-74,AMCR,AS,74,-31.58,-14.48
PB-ASP10-74,WEME,AS,74,-30.86,-9.95
PB-ASP10-74,MAWR,AS,74,-33.62,-34.73
PB-ASP10-74,MGWA,AS,74,-34.01,-37.26
PB-ASP10-74,ALFL,AS,74,-34.41,-34.0
PB-ASP10-74,DEJU,AS,74,-41.27,-38.55
PB-ASP10-74,NSWO,AS,74,-26.43,-16.84
PB-ASP10-74,AMRO,AS,74,-29.53,-30.48
PB-ASP10-87,VESP,AS,87,-37.19,-40.51
PB-ASP10-87,CCSP,AS,87,-45.7,-44.64
PB-ASP10-87,CSWA,AS,87,-41.52,-42.01
PB-ASP10-87,BRBL,AS,87,-46.67,-46.96
PB-ASP10-87,AMCR,AS,87,-34.5,-37.02
PB-ASP10-87,WEME,AS,87,-35.6,-34.86
PB-ASP10-87,MAWR,AS,87,-39.3,-40.8
PB-ASP10-87,MGWA,AS,87,-39.76,-43.74
PB-ASP10-87,ALFL,AS,87,-39.65,-40.51
PB-ASP10-87,DEJU,AS,87,-46.28,-45.7
PB-ASP10-87,NSWO,AS,87,-32.49,-35.35
PB-ASP10-87,AMRO,AS,87,-33.32,-35.16
PB-ASP1-110,NSWO,AS,110,-32.61,-27.88
PB-ASP1-110,WEME,AS,110,-37.52,-36.89
PB-ASP1-110,VESP,AS,110,-40.91,-41.98
PB-ASP1-110,AMRO,AS,110,-38.55,-35.74
PB-ASP11-147,VESP,AS,147,-36.4,-40.12
PB-ASP11-147,BRBL,AS,147,-35.01,-42.63
PB-ASP11-147,AMCR,AS,147,-37.82,-36.49
PB-ASP11-147,WEME,AS,147,-35.25,-47.32
PB-ASP11-147,ALFL,AS,147,-39.28,-45.2
PB-ASP11-147,NSWO,AS,147,-39.06,-46.5
PB-ASP11-147,AMRO,AS,147,-44.07,-48.16
PB-ASP11-15,BADO,AS,15,-18.02,-24.6
PB-ASP11-15,VESP,AS,15,-3.79,-11.14
PB-ASP11-15,CCSP,AS,15,-13.28,-15.41
PB-ASP11-15,BOCH,AS,15,-18.83,-21.05
PB-ASP11-15,CSWA,AS,15,-9.45,-11.26
PB-ASP11-15,LCSP,AS,15,-33.66,-33.26
PB-ASP11-15,BRBL,AS,15,-9.97,-14.19
PB-ASP11-15,AMCR,AS,15,-17.29,-19.7
PB-ASP11-15,WEME,AS,15,-9.25,-15.95
PB-ASP11-15,MAWR,AS,15,-10.62,-14.08
PB-ASP11-15,MGWA,AS,15,-9.79,-15.71
PB-ASP11-15,ALFL,AS,15,-9.33,-13.27
PB-ASP11-15,DEJU,AS,15,-16.99,-19.23
PB-ASP11-15,NSWO,AS,15,-10.56,-13.53
PB-ASP11-15,AMRO,AS,15,-9.27,-14.22
PB-ASP11-22,BADO,AS,22,-21.95,-27.92
PB-ASP11-22,VESP,AS,22,-17.92,-24.43
PB-ASP11-22,CCSP,AS,22,-12.71,-27.12
PB-ASP11-22,BOCH,AS,22,-31.65,-35.76
PB-ASP11-22,CSWA,AS,22,-22.67,-24.28
PB-ASP11-22,LCSP,AS,22,-45.01,-46.34
PB-ASP11-22,BRBL,AS,22,-15.97,-22.8
PB-ASP11-22,AMCR,AS,22,-19.49,-20.37
PB-ASP11-22,WEME,AS,22,-13.51,-20.39
PB-ASP11-22,MAWR,AS,22,-17.07,-25.73
PB-ASP11-22,MGWA,AS,22,-16.49,-26.56
PB-ASP11-22,ALFL,AS,22,-18.38,-21.56
PB-ASP11-22,DEJU,AS,22,-27.93,-30.35
PB-ASP11-22,NSWO,AS,22,-19.89,-19.28
PB-ASP11-22,AMRO,AS,22,-13.01,-18.26
PB-ASP1-129,AMCR,AS,129,-41.24,-41.75
PB-ASP1-129,NSWO,AS,129,-34.13,-34.29
PB-ASP1-129,WEME,AS,129,-38.27,-37.13
PB-ASP1-129,VESP,AS,129,-41.43,-43.86
PB-ASP1-129,AMRO,AS,129,-39.09,-39.91
PB-ASP1-129,BRBL,AS,129,-42.96,-43.99
PB-ASP12-31,BADO,AS,31,-28.89,-29.03
PB-ASP12-31,VESP,AS,31,-20.25,-21.22
PB-ASP12-31,CCSP,AS,31,-24.16,-25.09
PB-ASP12-31,CSWA,AS,31,-21.04,-24.55
PB-ASP12-31,BRBL,AS,31,-18.31,-21.22
PB-ASP12-31,AMCR,AS,31,-19.29,-17.83
PB-ASP12-31,WEME,AS,31,-17.86,-20.3
PB-ASP12-31,MAWR,AS,31,-21.18,-25.06
PB-ASP12-31,MGWA,AS,31,-23.35,-26.66
PB-ASP12-31,ALFL,AS,31,-20.37,-23.23
PB-ASP12-31,DEJU,AS,31,-25.65,-27.92
PB-ASP12-31,NSWO,AS,31,-17.7,-14.44
PB-ASP12-31,AMRO,AS,31,-16.59,-22.32
PB-ASP12-82,VESP,AS,82,-31.09,-33.3
PB-ASP12-82,CSWA,AS,82,-38.27,-38.65
PB-ASP12-82,BRBL,AS,82,-37.89,-38.01
PB-ASP12-82,AMCR,AS,82,-34.89,-36.65
PB-ASP12-82,WEME,AS,82,-33.19,-33.77
PB-ASP12-82,MAWR,AS,82,-37.15,-39.48
PB-ASP12-82,MGWA,AS,82,-37.54,-38.53
PB-ASP12-82,ALFL,AS,82,-38.74,-37.84
PB-ASP12-82,DEJU,AS,82,-45.35,-44.07
PB-ASP12-82,NSWO,AS,82,-31.0,-30.06
PB-ASP12-82,AMRO,AS,82,-32.46,-35.61
PB-ASP12-87,VESP,AS,87,-37.99,-38.78
PB-ASP12-87,AMCR,AS,87,-34.09,-32.83
PB-ASP12-87,WEME,AS,87,-34.63,-32.89
PB-ASP12-87,NSWO,AS,87,-31.41,-30.82
PB-ASP12-87,AMRO,AS,87,-33.85,-33.98
PB-ASP13-39,VESP,AS,39,-20.35,-22.69
PB-ASP13-39,NSWO,AS,39,-16.67,-21.08
PB-ASP13-39,LCSP,AS,39,-42.96,-39.6
PB-ASP13-39,BADO,AS,39,-28.19,-29.62
PB-ASP13-39,BRBL,AS,39,-22.08,-20.08
PB-ASP13-39,WEME,AS,39,-19.2,-19.52
PB-ASP13-39,CSWA,AS,39,-24.78,-21.12
PB-ASP13-39,AMRO,AS,39,-15.65,-17.26
PB-ASP13-39,MAWR,AS,39,-21.09,-23.39
PB-ASP13-39,MGWA,AS,39,-23.67,-25.68
PB-ASP13-39,DEJU,AS,39,-27.67,-25.52
PB-ASP13-39,BOCH,AS,39,-35.15,-30.6
PB-ASP13-39,CCSP,AS,39,-26.09,-22.77
PB-ASP13-39,ALFL,AS,39,-22.19,-19.47
PB-ASP13-39,AMCR,AS,39,-19.75,-24.54
PB-ASP13-56,VESP,AS,56,-25.93,-25.18
PB-ASP13-56,NSWO,AS,56,-25.76,-24.84
PB-ASP13-56,LCSP,AS,56,-46.17,-47.32
PB-ASP13-56,BADO,AS,56,-30.18,-31.02
PB-ASP13-56,BRBL,AS,56,-33.8,-31.45
PB-ASP13-56,WEME,AS,56,-26.86,-25.47
PB-ASP13-56,CSWA,AS,56,-32.82,-30.72
PB-ASP13-56,AMRO,AS,56,-25.79,-22.45
PB-ASP13-56,MAWR,AS,56,-28.19,-30.43
PB-ASP13-56,MGWA,AS,56,-31.81,-33.66
PB-ASP13-56,DEJU,AS,56,-35.73,-32.61
PB-ASP13-56,BOCH,AS,56,-40.07,-38.4
PB-ASP13-56,CCSP,AS,56,-34.5,-30.78
PB-ASP13-56,ALFL,AS,56,-26.89,-26.41
PB-ASP13-56,AMCR,AS,56,-26.56,-30.15
PB-ASP13-64,VESP,AS,64,-25.56,-30.86
PB-ASP13-64,NSWO,AS,64,-23.9,-29.32
PB-ASP13-64,LCSP,AS,64,-48.95,-44.97
PB-ASP13-64,BADO,AS,64,-31.62,-31.62
PB-ASP13-64,BRBL,AS,64,-33.6,-32.74
PB-ASP13-64,WEME,AS,64,-29.42,-29.99
PB-ASP13-64,CSWA,AS,64,-34.29,-32.64
PB-ASP13-64,AMRO,AS,64,-24.9,-28.46
PB-ASP13-64,MAWR,AS,64,-30.15,-32.65
PB-ASP13-64,MGWA,AS,64,-32.2,-34.94
PB-ASP13-64,DEJU,AS,64,-40.02,-34.97
PB-ASP13-64,BOCH,AS,64,-42.18,-39.06
PB-ASP13-64,CCSP,AS,64,-35.84,-34.38
PB-ASP13-64,ALFL,AS,64,-32.31,-29.16
PB-ASP13-64,AMCR,AS,64,-31.0,-31.78
PB-ASP15-35,NSWO,AS,35,-29.06,-20.87
PB-ASP15-35,DEJU,AS,35,-32.02,-28.78
PB-ASP15-35,AMRO,AS,35,-20.69,-17.31
PB-ASP15-35,WEME,AS,35,-25.69,-22.28
PB-ASP15-35,MGWA,AS,35,-29.87,-27.9
PB-ASP15-35,AMCR,AS,35,-33.6,-26.19
PB-ASP15-35,LCSP,AS,35,-44.6,-44.16
PB-ASP15-35,CSWA,AS,35,-27.14,-24.44
PB-ASP15-35,BADO,AS,35,-33.31,-32.96
PB-ASP15-35,ALFL,AS,35,-23.28,-19.45
PB-ASP15-35,VESP,AS,35,-23.14,-19.87
PB-ASP15-35,CCSP,AS,35,-27.36,-26.7
PB-ASP15-35,BOCH,AS,35,-35.58,-29.97
PB-ASP15-35,BRBL,AS,35,-24.99,-20.68
PB-ASP15-35,MAWR,AS,35,-26.86,-19.42
PB-ASP15-47,NSWO,AS,47,-24.73,-22.19
PB-ASP15-47,DEJU,AS,47,-39.16,-37.86
PB-ASP15-47,AMRO,AS,47,-27.52,-26.3
PB-ASP15-47,WEME,AS,47,-27.64,-27.66
PB-ASP15-47,MGWA,AS,47,-32.74,-30.08
PB-ASP15-47,AMCR,AS,47,-28.41,-26.79
PB-ASP15-47,CSWA,AS,47,-31.53,-31.17
PB-ASP15-47,ALFL,AS,47,-29.43,-27.03
PB-ASP15-47,VESP,AS,47,-28.14,-26.55
PB-ASP15-47,CCSP,AS,47,-33.57,-33.02
PB-ASP15-47,BRBL,AS,47,-31.61,-29.26
PB-ASP15-47,MAWR,AS,47,-30.62,-27.47
PB-ASP15-64,NSWO,AS,64,-30.04,-23.28
PB-ASP15-64,DEJU,AS,64,-39.06,-37.82
PB-ASP15-64,AMRO,AS,64,-31.15,-27.21
PB-ASP15-64,WEME,AS,64,-31.75,-29.21
PB-ASP15-64,MGWA,AS,64,-37.93,-34.29
PB-ASP15-64,AMCR,AS,64,-35.65,-29.71
PB-ASP15-64,CSWA,AS,64,-38.16,-37.05
PB-ASP15-64,BADO,AS,64,-25.69,-29.63
PB-ASP15-64,ALFL,AS,64,-34.97,-33.05
PB-ASP15-64,VESP,AS,64,-34.79,-28.54
PB-ASP15-64,CCSP,AS,64,-39.81,-37.89
PB-ASP15-64,BOCH,AS,64,-43.82,-43.38
PB-ASP15-64,BRBL,AS,64,-35.27,-31.73
PB-ASP15-64,MAWR,AS,64,-36.14,-31.88
PB-ASP16-46,MGWA,AS,46,-35.01,-38.51
PB-ASP16-46,WEME,AS,46,-29.29,-31.06
PB-ASP16-46,BRBL,AS,46,-37.09,-38.22
PB-ASP16-46,VESP,AS,46,-27.16,-30.99
PB-ASP16-46,MAWR,AS,46,-32.65,-35.1
PB-ASP16-46,AMCR,AS,46,-30.73,-31.61
PB-ASP16-46,NSWO,AS,46,-26.61,-28.36
PB-ASP16-46,LCSP,AS,46,-49.32,-48.3
PB-ASP16-46,BADO,AS,46,-39.5,-40.23
PB-ASP16-46,ALFL,AS,46,-32.56,-33.84
PB-ASP16-46,BOCH,AS,46,-41.49,-45.85
PB-ASP16-46,CCSP,AS,46,-33.48,-37.99
PB-ASP16-46,DEJU,AS,46,-35.55,-41.4
PB-ASP16-46,AMRO,AS,46,-26.93,-30.78
PB-ASP16-46,CSWA,AS,46,-32.35,-37.0
PB-ASP16-48,MGWA,AS,48,-32.9,-35.76
PB-ASP16-48,WEME,AS,48,-23.71,-26.92
PB-ASP16-48,BRBL,AS,48,-31.4,-33.66
PB-ASP16-48,BRBL,AS,48,-25.16,-26.93
PB-ASP16-48,MAWR,AS,48,-31.72,-35.74
PB-ASP16-48,AMCR,AS,48,-31.38,-34.0
PB-ASP16-48,NSWO,AS,48,-30.91,-27.35
PB-ASP16-48,LCSP,AS,48,-49.8,-50.48
PB-ASP16-48,BADO,AS,48,-42.21,-44.29
PB-ASP16-48,ALFL,AS,48,-33.87,-35.86
PB-ASP16-48,BOCH,AS,48,-46.85,-46.28
PB-ASP16-48,CCSP,AS,48,-34.25,-35.21
PB-ASP16-48,DEJU,AS,48,-39.78,-40.48
PB-ASP16-48,AMRO,AS,48,-28.91,-30.77
PB-ASP16-48,CSWA,AS,48,-34.34,-37.52
PB-ASP1-67,BOCH,AS,67,-40.59,-42.67
PB-ASP1-67,MAWR,AS,67,-33.88,-35.61
PB-ASP1-67,AMCR,AS,67,-31.38,-31.82
PB-ASP1-67,ALFL,AS,67,-33.84,-33.32
PB-ASP1-67,NSWO,AS,67,-29.32,-31.08
PB-ASP1-67,WEME,AS,67,-32.31,-33.51
PB-ASP1-67,VESP,AS,67,-31.93,-29.64
PB-ASP1-67,MGWA,AS,67,-36.09,-40.91
PB-ASP1-67,CCSP,AS,67,-39.28,-39.81
PB-ASP1-67,CSWA,AS,67,-35.39,-37.86
PB-ASP1-67,DEJU,AS,67,-38.47,-41.15
PB-ASP1-67,AMRO,AS,67,-26.72,-28.6
PB-ASP1-67,BRBL,AS,67,-39.83,-41.43
PB-ASP16-88,MGWA,AS,88,-37.62,-39.76
PB-ASP16-88,WEME,AS,88,-33.87,-34.89
PB-ASP16-88,BRBL,AS,88,-36.81,-39.21
PB-ASP16-88,VESP,AS,88,-32.44,-35.47
PB-ASP16-88,MAWR,AS,88,-39.68,-42.74
PB-ASP16-88,AMCR,AS,88,-39.48,-38.58
PB-ASP16-88,NSWO,AS,88,-29.32,-31.15
PB-ASP16-88,ALFL,AS,88,-39.65,-41.78
PB-ASP16-88,CCSP,AS,88,-38.12,-42.6
PB-ASP16-88,DEJU,AS,88,-38.33,-42.67
PB-ASP16-88,AMRO,AS,88,-35.24,-36.92
PB-ASP16-88,CSWA,AS,88,-39.28,-39.45
PB-ASP17-111,WEME,AS,111,-41.24,-38.12
PB-ASP17-111,NSWO,AS,111,-37.56,-33.93
PB-ASP17-111,MGWA,AS,111,-48.1,-47.64
PB-ASP17-111,BRBL,AS,111,-46.56,-42.6
PB-ASP17-111,ALFL,AS,111,-46.5,-43.42
PB-ASP17-111,AMCR,AS,111,-41.15,-40.54
PB-ASP17-111,CCSP,AS,111,-50.05,-47.83
PB-ASP17-111,AMRO,AS,111,-39.09,-39.23
PB-ASP17-111,VESP,AS,111,-42.85,-39.13
PB-ASP17-111,DEJU,AS,111,-51.13,-47.77
PB-ASP17-111,CSWA,AS,111,-48.16,-45.11
PB-ASP17-111,MAWR,AS,111,-43.82,-45.01
PB-ASP17-143,WEME,AS,143,-41.09,-41.12
PB-ASP17-143,NSWO,AS,143,-36.47,-38.69
PB-ASP17-143,AMCR,AS,143,-40.91,-39.55
PB-ASP17-143,AMRO,AS,143,-40.85,-40.15
PB-ASP17-143,VESP,AS,143,-41.94,-41.15
PB-ASP17-85,WEME,AS,85,-37.4,-36.56
PB-ASP17-85,NSWO,AS,85,-31.06,-29.73
PB-ASP17-85,MGWA,AS,85,-43.0,-44.25
PB-ASP17-85,BRBL,AS,85,-39.81,-39.04
PB-ASP17-85,ALFL,AS,85,-40.45,-40.59
PB-ASP17-85,BOCH,AS,85,-46.39,-47.26
PB-ASP17-85,BADO,AS,85,-36.87,-34.7
PB-ASP17-85,AMCR,AS,85,-38.12,-36.31
PB-ASP17-85,CCSP,AS,85,-44.97,-42.74
PB-ASP17-85,AMRO,AS,85,-33.58,-34.77
PB-ASP17-85,VESP,AS,85,-39.78,-38.18
PB-ASP17-85,DEJU,AS,85,-46.23,-42.35
PB-ASP17-85,CSWA,AS,85,-41.98,-40.29
PB-ASP17-85,MAWR,AS,85,-39.81,-38.81
PB-ASP2-23,CSWA,AS,23,-12.13,-11.46
PB-ASP2-23,MAWR,AS,23,-10.57,-8.94
PB-ASP2-23,VESP,AS,23,-12.96,-9.31
PB-ASP2-23,AMRO,AS,23,-7.21,-8.9
PB-ASP2-23,WEME,AS,23,-12.02,-14.62
PB-ASP2-23,DEJU,AS,23,-18.14,-16.71
PB-ASP2-23,BOCH,AS,23,-18.65,-14.89
PB-ASP2-23,AMCR,AS,23,-16.67,-10.8
PB-ASP2-23,MGWA,AS,23,-16.26,-11.48
PB-ASP2-23,ALFL,AS,23,-12.59,-10.85
PB-ASP2-23,CCSP,AS,23,-14.47,-12.23
PB-ASP2-23,NSWO,AS,23,-9.79,-7.34
PB-ASP2-23,BRBL,AS,23,-12.64,-10.09
PB-ASP2-61,VESP,AS,61,-18.4,-13.97
PB-ASP2-61,AMRO,AS,61,-14.63,-14.34
PB-ASP2-61,WEME,AS,61,-14.14,-7.83
PB-ASP2-61,NSWO,AS,61,-20.37,-13.94
PB-ASP2-61,BRBL,AS,61,-13.98,-12.55
PB-ASP2-75,VESP,AS,75,-16.39,-13.27
PB-ASP2-75,WEME,AS,75,-9.49,-11.31
PB-ASP2-75,NSWO,AS,75,-26.13,-18.0
PB-ASP3-29,CSWA,AS,29,-23.88,-25.53
PB-ASP3-29,MAWR,AS,29,-22.22,-15.25
PB-ASP3-29,VESP,AS,29,-22.51,-22.67
PB-ASP3-29,LCSP,AS,29,-45.2,-40.85
PB-ASP3-29,BADO,AS,29,-29.36,-22.68
PB-ASP3-29,AMRO,AS,29,-13.61,-13.35
PB-ASP3-29,WEME,AS,29,-17.8,-14.68
PB-ASP3-29,DEJU,AS,29,-28.4,-28.94
PB-ASP3-29,BOCH,AS,29,-34.52,-36.19
PB-ASP3-29,AMCR,AS,29,-21.52,-14.54
PB-ASP3-29,MGWA,AS,29,-24.65,-24.25
PB-ASP3-29,ALFL,AS,29,-22.87,-23.05
PB-ASP3-29,CCSP,AS,29,-27.21,-27.45
PB-ASP3-29,NSWO,AS,29,-17.94,-7.71
PB-ASP3-29,BRBL,AS,29,-22.02,-17.11
PB-ASP3-49,CSWA,AS,49,-33.85,-32.38
PB-ASP3-49,MAWR,AS,49,-29.11,-27.47
PB-ASP3-49,VESP,AS,49,-25.71,-29.44
PB-ASP3-49,LCSP,AS,49,-54.05,-46.85
PB-ASP3-49,BADO,AS,49,-30.48,-26.55
PB-ASP3-49,AMRO,AS,49,-25.08,-22.49
PB-ASP3-49,WEME,AS,49,-23.88,-22.52
PB-ASP3-49,DEJU,AS,49,-37.19,-37.3
PB-ASP3-49,BOCH,AS,49,-36.51,-40.4
PB-ASP3-49,AMCR,AS,49,-21.29,-22.57
PB-ASP3-49,MGWA,AS,49,-29.54,-35.1
PB-ASP3-49,ALFL,AS,49,-24.23,-26.45
PB-ASP3-49,CCSP,AS,49,-34.09,-33.08
PB-ASP3-49,NSWO,AS,49,-21.94,-15.31
PB-ASP3-49,BRBL,AS,49,-25.07,-24.64
PB-ASP3-86,CSWA,AS,86,-41.52,-36.11
PB-ASP3-86,MAWR,AS,86,-37.6,-32.8
PB-ASP3-86,VESP,AS,86,-35.0,-40.21
PB-ASP3-86,BADO,AS,86,-32.4,-30.41
PB-ASP3-86,AMRO,AS,86,-31.37,-29.63
PB-ASP3-86,VESP,AS,86,-33.57,-31.73
PB-ASP3-86,DEJU,AS,86,-48.73,-46.85
PB-ASP3-86,BOCH,AS,86,-51.93,-43.7
PB-ASP3-86,AMCR,AS,86,-30.55,-25.62
PB-ASP3-86,MGWA,AS,86,-42.81,-40.62
PB-ASP3-86,ALFL,AS,86,-40.82,-38.49
PB-ASP3-86,CCSP,AS,86,-48.58,-46.07
PB-ASP3-86,NSWO,AS,86,-32.25,-23.04
PB-ASP3-86,BRBL,AS,86,-34.83,-32.76
PB-ASP4-21,AMCR,AS,21,-15.99,-20.54
PB-ASP4-21,MGWA,AS,21,-22.18,-21.05
PB-ASP4-21,BOCH,AS,21,-25.45,-29.26
PB-ASP4-21,WEME,AS,21,-15.52,-13.8
PB-ASP4-21,DEJU,AS,21,-19.42,-23.1
PB-ASP4-21,ALFL,AS,21,-15.61,-17.07
PB-ASP4-21,MAWR,AS,21,-16.59,-14.61
PB-ASP4-21,BADO,AS,21,-25.29,-25.59
PB-ASP4-21,LCSP,AS,21,-34.91,-35.97
PB-ASP4-21,NSWO,AS,21,-12.52,-15.37
PB-ASP4-21,VESP,AS,21,-15.73,-15.18
PB-ASP4-21,CSWA,AS,21,-15.21,-19.53
PB-ASP4-21,BRBL,AS,21,-16.11,-15.08
PB-ASP4-21,CCSP,AS,21,-18.47,-19.73
PB-ASP4-21,AMRO,AS,21,-14.72,-12.41
PB-ASP4-56,AMCR,AS,56,-37.07,-36.63
PB-ASP4-56,MGWA,AS,56,-36.42,-33.61
PB-ASP4-56,BOCH,AS,56,-41.84,-43.78
PB-ASP4-56,WEME,AS,56,-27.08,-25.82
PB-ASP4-56,MGWA,AS,56,-38.22,-39.16
PB-ASP4-56,ALFL,AS,56,-32.72,-33.32
PB-ASP4-56,MAWR,AS,56,-31.18,-32.61
PB-ASP4-56,BADO,AS,56,-38.58,-37.62
PB-ASP4-56,NSWO,AS,56,-24.22,-20.4
PB-ASP4-56,VESP,AS,56,-33.43,-30.09
PB-ASP4-56,CSWA,AS,56,-33.32,-32.94
PB-ASP4-56,BRBL,AS,56,-31.04,-29.17
PB-ASP4-56,CCSP,AS,56,-36.76,-38.65
PB-ASP4-56,AMRO,AS,56,-26.28,-25.93
PB-ASP4-71,AMCR,AS,71,-29.05,-32.82
PB-ASP4-71,MGWA,AS,71,-37.58,-35.84
PB-ASP4-71,BOCH,AS,71,-42.01,-42.81
PB-ASP4-71,WEME,AS,71,-30.22,-31.6
PB-ASP4-71,DEJU,AS,71,-38.51,-38.78
PB-ASP4-71,ALFL,AS,71,-33.65,-36.28
PB-ASP4-71,MAWR,AS,71,-30.56,-30.04
PB-ASP4-71,NSWO,AS,71,-29.15,-26.22
PB-ASP4-71,VESP,AS,71,-32.26,-35.1
PB-ASP4-71,CSWA,AS,71,-33.37,-36.58
PB-ASP4-71,BRBL,AS,71,-34.85,-33.0
PB-ASP4-71,CCSP,AS,71,-41.03,-41.4
PB-ASP4-71,AMRO,AS,71,-29.13,-29.74
PB-ASP5-127,VESP,AS,127,-45.2,-45.25
PB-ASP5-127,NSWO,AS,127,-37.17,-38.65
PB-ASP5-127,WEME,AS,127,-42.35,-42.42
PB-ASP5-127,AMRO,AS,127,-42.04,-44.51
PB-ASP5-127,MAWR,AS,127,-43.86,-42.92
PB-ASP5-127,AMCR,AS,127,-43.54,-43.5
PB-ASP5-137,VESP,AS,137,-45.11,-46.62
PB-ASP5-137,NSWO,AS,137,-37.99,-40.15
PB-ASP5-137,BADO,AS,137,-41.12,-40.68
PB-ASP5-137,BRBL,AS,137,-44.92,-43.3
PB-ASP5-137,WEME,AS,137,-40.62,-43.7
PB-ASP5-137,CSWA,AS,137,-51.32,-50.75
PB-ASP5-137,AMRO,AS,137,-43.07,-46.45
PB-ASP5-137,MAWR,AS,137,-46.62,-47.9
PB-ASP5-137,MGWA,AS,137,-51.82,-51.03
PB-ASP5-137,DEJU,AS,137,-50.31,-51.22
PB-ASP5-137,CCSP,AS,137,-52.47,-50.85
PB-ASP5-137,ALFL,AS,137,-49.25,-49.64
PB-ASP5-137,AMCR,AS,137,-42.81,-44.03
PB-ASP5-149,VESP,AS,149,-37.82,-44.16
PB-ASP5-149,NSWO,AS,149,-30.43,-31.99
PB-ASP5-149,BRBL,AS,149,-56.16,-55.35
PB-ASP5-149,WEME,AS,149,-45.75,-44.07
PB-ASP5-149,AMRO,AS,149,-40.32,-42.89
PB-ASP5-149,DEJU,AS,149,-51.82,-53.04
PB-ASP5-149,AMCR,AS,149,-44.16,-44.97
PB-ASP6-36,NSWO,AS,36,-20.66,-18.29
PB-ASP6-36,DEJU,AS,36,-27.83,-25.02
PB-ASP6-36,AMRO,AS,36,-20.13,-15.91
PB-ASP6-36,WEME,AS,36,-20.78,-18.53
PB-ASP6-36,MGWA,AS,36,-27.9,-21.53
PB-ASP6-36,AMCR,AS,36,-22.84,-21.24
PB-ASP6-36,CSWA,AS,36,-25.08,-19.6
PB-ASP6-36,ALFL,AS,36,-20.45,-17.68
PB-ASP6-36,VESP,AS,36,-18.02,-15.79
PB-ASP6-36,BRBL,AS,36,-19.76,-18.69
PB-ASP6-36,MAWR,AS,36,-23.26,-16.81
PB-ASP6-44,NSWO,AS,44,-23.48,-19.27
PB-ASP6-44,DEJU,AS,44,-29.06,-27.09
PB-ASP6-44,AMRO,AS,44,-23.46,-16.76
PB-ASP6-44,WEME,AS,44,-23.48,-21.95
PB-ASP6-44,MGWA,AS,44,-28.57,-24.39
PB-ASP6-44,AMCR,AS,44,-26.17,-25.36
PB-ASP6-44,CSWA,AS,44,-29.54,-27.63
PB-ASP6-44,ALFL,AS,44,-26.73,-24.1
PB-ASP6-44,VESP,AS,44,-22.23,-20.97
PB-ASP6-44,BRBL,AS,44,-23.59,-22.84
PB-ASP6-44,MAWR,AS,44,-24.11,-20.65
PB-ASP6-46,NSWO,AS,46,-23.56,-23.07
PB-ASP6-46,DEJU,AS,46,-33.41,-31.95
PB-ASP6-46,AMRO,AS,46,-24.49,-16.14
PB-ASP6-46,WEME,AS,46,-25.86,-19.77
PB-ASP6-46,MGWA,AS,46,-26.99,-24.34
PB-ASP6-46,AMCR,AS,46,-23.86,-25.32
PB-ASP6-46,CSWA,AS,46,-25.93,-24.93
PB-ASP6-46,ALFL,AS,46,-27.56,-24.42
PB-ASP6-46,VESP,AS,46,-24.36,-22.76
PB-ASP6-46,CCSP,AS,46,-29.99,-30.12
PB-ASP6-46,BRBL,AS,46,-27.52,-22.43
PB-ASP6-46,MAWR,AS,46,-29.19,-18.69
PB-ASP7-27,WEME,AS,27,-7.19,-10.62
PB-ASP7-27,CSWA,AS,27,-13.25,-15.85
PB-ASP7-27,BOCH,AS,27,-19.44,-19.46
PB-ASP7-27,MAWR,AS,27,-6.4,-11.44
PB-ASP7-27,CCSP,AS,27,-20.82,-15.71
PB-ASP7-27,ALFL,AS,27,-11.68,-14.77
PB-ASP7-27,BRBL,AS,27,-12.2,-13.94
PB-ASP7-27,AMCR,AS,27,-16.09,-15.8
PB-ASP7-27,NSWO,AS,27,-16.72,-9.88
PB-ASP7-27,VESP,AS,27,-12.51,-16.32
PB-ASP7-27,AMRO,AS,27,-5.19,-9.99
PB-ASP7-27,DEJU,AS,27,-23.0,-20.78
PB-ASP7-27,MGWA,AS,27,-20.19,-23.71
PB-ASP7-27,LCSP,AS,27,-32.38,-34.7
PB-ASP7-27,BADO,AS,27,-21.67,-16.7
PB-ASP7-52,WEME,AS,52,-13.49,-16.92
PB-ASP7-52,CSWA,AS,52,-15.15,-17.1
PB-ASP7-52,BOCH,AS,52,-27.75,-28.52
PB-ASP7-52,MAWR,AS,52,-12.12,-15.17
PB-ASP7-52,CCSP,AS,52,-21.22,-18.95
PB-ASP7-52,ALFL,AS,52,-13.37,-14.69
PB-ASP7-52,BRBL,AS,52,-14.28,-16.33
PB-ASP7-52,AMCR,AS,52,-26.0,-23.73
PB-ASP7-52,NSWO,AS,52,-21.82,-15.73
PB-ASP7-52,VESP,AS,52,-10.55,-12.51
PB-ASP7-52,AMRO,AS,52,-11.26,-15.53
PB-ASP7-52,DEJU,AS,52,-15.89,-17.89
PB-ASP7-52,MGWA,AS,52,-13.28,-20.89
PB-ASP7-52,LCSP,AS,52,-34.94,-38.49
PB-ASP7-52,BADO,AS,52,-32.51,-31.39
PB-ASP7-58,CSWA,AS,58,-19.18,-20.75
PB-ASP7-58,MAWR,AS,58,-20.97,-24.54
PB-ASP7-58,VESP,AS,58,-18.02,-22.02
PB-ASP7-58,AMRO,AS,58,-13.73,-19.03
PB-ASP7-58,WEME,AS,58,-10.46,-16.35
PB-ASP7-58,DEJU,AS,58,-20.61,-27.87
PB-ASP7-58,BOCH,AS,58,-32.55,-33.58
PB-ASP7-58,AMCR,AS,58,-21.94,-18.04
PB-ASP7-58,MGWA,AS,58,-22.73,-26.74
PB-ASP7-58,ALFL,AS,58,-20.43,-25.33
PB-ASP7-58,CCSP,AS,58,-30.01,-28.27
PB-ASP7-58,NSWO,AS,58,-26.87,-19.44
PB-ASP7-58,BRBL,AS,58,-18.85,-18.8
PB-ASP8-117,VESP,AS,117,-33.79,-31.0
PB-ASP8-117,NSWO,AS,117,-30.89,-30.2
PB-ASP8-117,WEME,AS,117,-30.73,-30.34
PB-ASP8-117,AMRO,AS,117,-32.52,-30.3
PB-ASP8-117,AMCR,AS,117,-34.6,-33.3
PB-ASP8-70,VESP,AS,70,-28.22,-22.16
PB-ASP8-70,NSWO,AS,70,-26.89,-25.93
PB-ASP8-70,BRBL,AS,70,-31.48,-26.75
PB-ASP8-70,WEME,AS,70,-28.18,-23.9
PB-ASP8-70,CSWA,AS,70,-32.95,-27.32
PB-ASP8-70,AMRO,AS,70,-29.12,-23.09
PB-ASP8-70,MAWR,AS,70,-31.65,-28.64
PB-ASP8-70,MGWA,AS,70,-30.34,-25.5
PB-ASP8-70,AMCR,AS,70,-29.67,-29.01
PB-ASP8-97,VESP,AS,97,-36.09,-33.44
PB-ASP8-97,NSWO,AS,97,-29.55,-29.51
PB-ASP8-97,BRBL,AS,97,-36.14,-34.25
PB-ASP8-97,WEME,AS,97,-35.76,-32.41
PB-ASP8-97,AMRO,AS,97,-35.28,-32.0
PB-ASP8-97,MAWR,AS,97,-40.12,-36.29
PB-ASP8-97,MGWA,AS,97,-39.68,-37.24
PB-ASP8-97,ALFL,AS,97,-36.94,-34.56
PB-ASP8-97,AMCR,AS,97,-35.86,-35.66
PB-ASP9-72,AMCR,AS,72,-34.14,-31.03
PB-ASP9-72,MGWA,AS,72,-34.89,-33.33
PB-ASP9-72,WEME,AS,72,-30.31,-24.83
PB-ASP9-72,ALFL,AS,72,-33.67,-31.75
PB-ASP9-72,MAWR,AS,72,-33.09,-27.16
PB-ASP9-72,NSWO,AS,72,-32.8,-27.15
PB-ASP9-72,VESP,AS,72,-29.98,-27.68
PB-ASP9-72,CSWA,AS,72,-36.17,-35.66
PB-ASP9-72,BRBL,AS,72,-35.25,-32.92
PB-ASP9-72,CCSP,AS,72,-40.18,-39.99
PB-ASP9-72,AMRO,AS,72,-28.95,-24.1
PB-ASP9-79,AMCR,AS,79,-34.63,-32.26
PB-ASP9-79,MGWA,AS,79,-35.1,-33.67
PB-ASP9-79,WEME,AS,79,-30.81,-28.75
PB-ASP9-79,ALFL,AS,79,-32.72,-33.67
PB-ASP9-79,MAWR,AS,79,-34.91,-31.61
PB-ASP9-79,BADO,AS,79,-33.63,-33.53
PB-ASP9-79,NSWO,AS,79,-33.61,-27.56
PB-ASP9-79,VESP,AS,79,-32.72,-30.93
PB-ASP9-79,CSWA,AS,79,-37.21,-36.72
PB-ASP9-79,BRBL,AS,79,-36.72,-33.87
PB-ASP9-79,CCSP,AS,79,-43.15,-40.88
PB-ASP9-79,AMRO,AS,79,-30.29,-28.14
PB-BLSP1-103,CSWA,BL,103,-39.78,-38.03
PB-BLSP1-103,MAWR,BL,103,-39.89,-45.5
PB-BLSP1-103,VESP,BL,103,-34.39,-37.0
PB-BLSP1-103,BADO,BL,103,-37.84,-38.05
PB-BLSP1-103,AMRO,BL,103,-35.69,-35.63
PB-BLSP1-103,WEME,BL,103,-34.35,-37.36
PB-BLSP1-103,DEJU,BL,103,-40.94,-43.78
PB-BLSP1-103,BOCH,BL,103,-45.11,-44.6
PB-BLSP1-103,AMCR,BL,103,-39.91,-41.46
PB-BLSP1-103,MGWA,BL,103,-34.55,-36.74
PB-BLSP1-103,ALFL,BL,103,-33.71,-35.77
PB-BLSP1-103,CCSP,BL,103,-42.74,-40.54
PB-BLSP1-103,NSWO,BL,103,-35.76,-33.33
PB-BLSP1-103,BRBL,BL,103,-42.25,-40.34
PB-BLSP1-34,CSWA,BL,34,-19.74,-21.0
PB-BLSP1-34,MAWR,BL,34,-18.24,-22.99
PB-BLSP1-34,VESP,BL,34,-19.24,-21.43
PB-BLSP1-34,LCSP,BL,34,-40.94,-43.0
PB-BLSP1-34,BADO,BL,34,-26.24,-29.1
PB-BLSP1-34,AMRO,BL,34,-15.34,-20.59
PB-BLSP1-34,WEME,BL,34,-17.84,-22.76
PB-BLSP1-34,DEJU,BL,34,-24.32,-26.55
PB-BLSP1-34,BOCH,BL,34,-31.36,-31.52
PB-BLSP1-34,AMCR,BL,34,-23.07,-17.55
PB-BLSP1-34,MGWA,BL,34,-22.78,-26.25
PB-BLSP1-34,ALFL,BL,34,-17.48,-20.98
PB-BLSP1-34,CCSP,BL,34,-26.31,-22.12
PB-BLSP1-34,NSWO,BL,34,-17.05,-13.04
PB-BLSP1-34,BRBL,BL,34,-18.07,-20.36
PB-BLSP1-71,CSWA,BL,71,-29.67,-33.67
PB-BLSP1-71,MAWR,BL,71,-29.19,-33.04
PB-BLSP1-71,VESP,BL,71,-23.34,-29.93
PB-BLSP1-71,BADO,BL,71,-33.54,-34.01
PB-BLSP1-71,AMRO,BL,71,-24.09,-29.35
PB-BLSP1-71,WEME,BL,71,-26.64,-31.96
PB-BLSP1-71,DEJU,BL,71,-36.51,-37.91
PB-BLSP1-71,BOCH,BL,71,-33.03,-35.63
PB-BLSP1-71,AMCR,BL,71,-33.97,-29.51
PB-BLSP1-71,MGWA,BL,71,-27.44,-32.98
PB-BLSP1-71,ALFL,BL,71,-28.57,-30.82
PB-BLSP1-71,CCSP,BL,71,-37.56,-36.61
PB-BLSP1-71,NSWO,BL,71,-28.97,-23.39
PB-BLSP1-71,BRBL,BL,71,-31.43,-32.37
PB-BLSP2-102,WEME,BL,102,-45.55,-35.68
PB-BLSP2-102,BRBL,BL,102,-51.62,-51.82
PB-BLSP2-102,VESP,BL,102,-50.31,-44.46
PB-BLSP2-102,AMCR,BL,102,-38.76,-30.6
PB-BLSP2-102,NSWO,BL,102,-47.57,-46.73
PB-BLSP2-102,AMRO,BL,102,-47.77,-46.9
PB-BLSP2-39,MGWA,BL,39,-31.1,-28.6
PB-BLSP2-39,WEME,BL,39,-24.53,-23.35
PB-BLSP2-39,BRBL,BL,39,-28.88,-30.29
PB-BLSP2-39,VESP,BL,39,-26.13,-26.39
PB-BLSP2-39,MAWR,BL,39,-27.43,-30.6
PB-BLSP2-39,AMCR,BL,39,-28.53,-23.97
PB-BLSP2-39,NSWO,BL,39,-23.06,-20.78
PB-BLSP2-39,BADO,BL,39,-26.24,-17.75
PB-BLSP2-39,ALFL,BL,39,-30.09,-31.67
PB-BLSP2-39,BOCH,BL,39,-34.75,-35.52
PB-BLSP2-39,CCSP,BL,39,-36.24,-35.38
PB-BLSP2-39,DEJU,BL,39,-36.58,-33.85
PB-BLSP2-39,AMRO,BL,39,-23.89,-26.24
PB-BLSP2-39,CSWA,BL,39,-27.37,-30.15
PB-BLSP2-70,MGWA,BL,70,-50.85,-49.97
PB-BLSP2-70,WEME,BL,70,-40.74,-41.52
PB-BLSP2-70,BRBL,BL,70,-42.04,-25.21
PB-BLSP2-70,VESP,BL,70,-43.07,-45.16
PB-BLSP2-70,MAWR,BL,70,-46.12,-37.24
PB-BLSP2-70,AMCR,BL,70,-43.66,-41.15
PB-BLSP2-70,NSWO,BL,70,-37.28,-36.02
PB-BLSP2-70,BADO,BL,70,-42.18,-31.62
PB-BLSP2-70,ALFL,BL,70,-47.14,-46.96
PB-BLSP2-70,DEJU,BL,70,-49.4,-45.11
PB-BLSP2-70,AMCR,BL,70,-40.85,-41.21
PB-BLSP3-50,WEME,BL,50,-33.46,-32.88
PB-BLSP3-50,CSWA,BL,50,-39.99,-41.46
PB-BLSP3-50,MAWR,BL,50,-32.88,-37.03
PB-BLSP3-50,CCSP,BL,50,-41.24,-43.62
PB-BLSP3-50,ALFL,BL,50,-39.3,-41.12
PB-BLSP3-50,BRBL,BL,50,-35.91,-37.93
PB-BLSP3-50,AMCR,BL,50,-26.99,-22.92
PB-BLSP3-50,NSWO,BL,50,-26.07,-25.48
PB-BLSP3-50,VESP,BL,50,-34.88,-36.74
PB-BLSP3-50,AMRO,BL,50,-28.27,-31.61
PB-BLSP3-50,MGWA,BL,50,-37.84,-42.63
PB-BLSP3-50,BADO,BL,50,-35.69,-36.16
PB-BLSP3-64,WEME,BL,64,-28.73,-31.61
PB-BLSP3-64,CSWA,BL,64,-35.01,-35.39
PB-BLSP3-64,MAWR,BL,64,-25.95,-31.42
PB-BLSP3-64,CCSP,BL,64,-41.4,-45.25
PB-BLSP3-64,ALFL,BL,64,-34.73,-37.32
PB-BLSP3-64,BRBL,BL,64,-29.47,-33.08
PB-BLSP3-64,AMCR,BL,64,-33.35,-32.94
PB-BLSP3-64,NSWO,BL,64,-29.91,-31.16
PB-BLSP3-64,VESP,BL,64,-32.76,-36.54
PB-BLSP3-64,AMRO,BL,64,-25.55,-28.78
PB-BLSP3-64,DEJU,BL,64,-40.48,-41.62
PB-BLSP3-64,MGWA,BL,64,-33.2,-36.7
PB-BLSP3-64,BADO,BL,64,-34.76,-34.56
PB-BLSP3-85,WEME,BL,85,-38.51,-39.6
PB-BLSP3-85,MAWR,BL,85,-45.75,-43.86
PB-BLSP3-85,ALFL,BL,85,-45.2,-43.58
PB-BLSP3-85,BRBL,BL,85,-36.52,-34.91
PB-BLSP3-85,AMCR,BL,85,-37.95,-38.36
PB-BLSP3-85,NSWO,BL,85,-34.31,-22.08
PB-BLSP3-85,VESP,BL,85,-42.92,-42.01
PB-BLSP3-85,AMRO,BL,85,-37.8,-38.47
PB-BLSP3-85,MGWA,BL,85,-41.81,-46.96
PB-BLSP5-106,NSWO,BL,106,-32.06,-31.96
PB-BLSP5-106,DEJU,BL,106,-44.69,-51.42
PB-BLSP5-106,AMRO,BL,106,-36.51,-42.46
PB-BLSP5-106,WEME,BL,106,-30.85,-30.52
PB-BLSP5-106,MGWA,BL,106,-34.57,-35.86
PB-BLSP5-106,AMCR,BL,106,-26.55,-28.31
PB-BLSP5-106,LCSP,BL,106,-34.17,-37.5
PB-BLSP5-106,CSWA,BL,106,-41.94,-41.18
PB-BLSP5-106,ALFL,BL,106,-24.42,-31.48
PB-BLSP5-106,VESP,BL,106,-30.84,-27.45
PB-BLSP5-106,CCSP,BL,106,-23.99,-31.73
PB-BLSP5-106,BOCH,BL,106,-47.9,-44.38
PB-BLSP5-106,BRBL,BL,106,-38.87,-30.86
PB-BLSP5-106,MAWR,BL,106,-32.47,-39.99
PB-BLSP5-140,NSWO,BL,140,-38.36,-38.44
PB-BLSP5-140,DEJU,BL,140,-49.56,-43.04
PB-BLSP5-140,AMRO,BL,140,-38.94,-43.99
PB-BLSP5-140,WEME,BL,140,-38.47,-44.6
PB-BLSP5-140,VESP,BL,140,-42.6,-40.45
PB-BLSP5-140,BRBL,BL,140,-43.58,-44.92
PB-BLSP5-88,NSWO,BL,88,-22.08,-33.58
PB-BLSP5-88,DEJU,BL,88,-43.74,-44.55
PB-BLSP5-88,AMRO,BL,88,-29.75,-35.28
PB-BLSP5-88,WEME,BL,88,-33.22,-38.76
PB-BLSP5-88,MGWA,BL,88,-34.57,-34.98
PB-BLSP5-88,AMCR,BL,88,-31.19,-31.69
PB-BLSP5-88,CSWA,BL,88,-45.91,-46.96
PB-BLSP6-105,AMCR,BL,105,-36.49,-42.08
PB-BLSP6-105,MGWA,BL,105,-40.37,-42.7
PB-BLSP6-105,BOCH,BL,105,-36.72,-38.83
PB-BLSP6-105,WEME,BL,105,-31.94,-32.58
PB-BLSP6-105,DEJU,BL,105,-27.83,-40.51
PB-BLSP6-105,ALFL,BL,105,-36.49,-35.94
PB-BLSP6-105,MAWR,BL,105,-25.96,-34.76
PB-BLSP6-105,BADO,BL,105,-5.87,-7.26
PB-BLSP6-105,NSWO,BL,105,-30.7,-29.94
PB-BLSP6-105,VESP,BL,105,-43.74,-25.55
PB-BLSP6-105,CSWA,BL,105,-39.6,-46.12
PB-BLSP6-105,BRBL,BL,105,-39.53,-42.63
PB-BLSP6-105,CCSP,BL,105,-30.1,-37.68
PB-BLSP6-105,AMRO,BL,105,-15.69,-18.61
PB-BLSP6-61,AMCR,BL,61,-14.9,-20.66
PB-BLSP6-61,MGWA,BL,61,-15.1,-32.95
PB-BLSP6-61,BOCH,BL,61,-12.03,-35.39
PB-BLSP6-61,WEME,BL,61,-19.76,-25.06
PB-BLSP6-61,DEJU,BL,61,-21.2,-24.12
PB-BLSP6-61,ALFL,BL,61,-29.11,-31.61
PB-BLSP6-61,MAWR,BL,61,-21.77,-27.39
PB-BLSP6-61,BADO,BL,61,-19.5,-26.29
PB-BLSP6-61,LCSP,BL,61,-26.08,-43.11
PB-BLSP6-61,NSWO,BL,61,-15.4,-20.97
PB-BLSP6-61,VESP,BL,61,-15.68,-26.48
PB-BLSP6-61,CSWA,BL,61,-26.15,-31.68
PB-BLSP6-61,BRBL,BL,61,-20.11,-26.25
PB-BLSP6-61,CCSP,BL,61,-27.63,-33.72
PB-BLSP6-61,AMRO,BL,61,-19.48,-27.72
PB-BLSP6-97,AMCR,BL,97,-25.76,-42.32
PB-BLSP6-97,MGWA,BL,97,-33.53,-38.49
PB-BLSP6-97,BOCH,BL,97,-39.76,-33.24
PB-BLSP6-97,WEME,BL,97,-26.46,-33.03
PB-BLSP6-97,DEJU,BL,97,-45.06,-45.6
PB-BLSP6-97,ALFL,BL,97,-38.4,-42.11
PB-BLSP6-97,MAWR,BL,97,-34.29,-37.17
PB-BLSP6-97,BADO,BL,97,-27.79,-24.85
PB-BLSP6-97,NSWO,BL,97,-29.32,-33.7
PB-BLSP6-97,VESP,BL,97,-26.67,-22.07
PB-BLSP6-97,CSWA,BL,97,-22.01,-43.62
PB-BLSP6-97,BRBL,BL,97,-31.85,-29.02
PB-BLSP6-97,CCSP,BL,97,-37.62,-38.99
PB-BLSP6-97,AMRO,BL,97,-29.14,-39.43
PB-MIX1-47,WEME,MI,47,-19.72,-20.02
PB-MIX1-47,CSWA,MI,47,-24.8,-24.88
PB-MIX1-47,BOCH,MI,47,-30.31,-30.09
PB-MIX1-47,MAWR,MI,47,-26.44,-24.3
PB-MIX1-47,CCSP,MI,47,-28.5,-27.26
PB-MIX1-47,ALFL,MI,47,-20.88,-22.91
PB-MIX1-47,BRBL,MI,47,-23.58,-21.88
PB-MIX1-47,AMCR,MI,47,-20.56,-20.11
PB-MIX1-47,NSWO,MI,47,-19.2,-20.76
PB-MIX1-47,VESP,MI,47,-20.95,-22.27
PB-MIX1-47,AMRO,MI,47,-23.19,-20.52
PB-MIX1-47,DEJU,MI,47,-12.52,-19.92
PB-MIX1-47,MGWA,MI,47,-24.19,-26.18
PB-MIX1-47,BADO,MI,47,-18.92,-24.06
PB-MIX1-52,WEME,MI,52,-17.25,-20.24
PB-MIX1-52,CSWA,MI,52,-28.12,-26.52
PB-MIX1-52,MAWR,MI,52,-22.88,-21.53
PB-MIX1-52,CCSP,MI,52,-28.63,-24.89
PB-MIX1-52,ALFL,MI,52,-24.93,-23.2
PB-MIX1-52,BRBL,MI,52,-22.52,-22.65
PB-MIX1-52,AMCR,MI,52,-26.01,-28.16
PB-MIX1-52,NSWO,MI,52,-24.62,-24.52
PB-MIX1-52,VESP,MI,52,-23.35,-25.03
PB-MIX1-52,AMRO,MI,52,-20.06,-18.41
PB-MIX1-52,DEJU,MI,52,-29.89,-29.96
PB-MIX1-52,MGWA,MI,52,-24.04,-29.62
PB-MIX1-52,BADO,MI,52,-27.53,-27.52
PB-MIX1-79,WEME,MI,79,-24.51,-26.94
PB-MIX1-79,CSWA,MI,79,-30.36,-32.95
PB-MIX1-79,MAWR,MI,79,-28.86,-30.1
PB-MIX1-79,ALFL,MI,79,-28.94,-29.69
PB-MIX1-79,BRBL,MI,79,-28.45,-29.5
PB-MIX1-79,AMCR,MI,79,-29.3,-31.72
PB-MIX1-79,NSWO,MI,79,-27.81,-26.41
PB-MIX1-79,VESP,MI,79,-23.87,-29.42
PB-MIX1-79,AMRO,MI,79,-25.49,-24.49
PB-MIX1-79,DEJU,MI,79,-33.81,-35.09
PB-MIX1-79,MGWA,MI,79,-26.33,-32.6
PB-MIX1-79,BADO,MI,79,-28.95,-31.54
PB-MIX3-112,MGWA,MI,112,-39.91,-45.06
PB-MIX3-112,WEME,MI,112,-29.66,-20.63
PB-MIX3-112,VESP,MI,112,-36.78,-39.21
PB-MIX3-112,NSWO,MI,112,-30.51,-30.09
PB-MIX3-112,AMRO,MI,112,-37.52,-40.94
PB-MIX3-70,MGWA,MI,70,-34.94,-33.58
PB-MIX3-70,WEME,MI,70,-23.07,-30.6
PB-MIX3-70,BRBL,MI,70,-28.64,-34.02
PB-MIX3-70,VESP,MI,70,-32.46,-29.75
PB-MIX3-70,MAWR,MI,70,-30.34,-34.73
PB-MIX3-70,AMCR,MI,70,-27.55,-33.08
PB-MIX3-70,NSWO,MI,70,-28.13,-32.03
PB-MIX3-70,ALFL,MI,70,-33.1,-33.13
PB-MIX3-70,CCSP,MI,70,-35.92,-35.44
PB-MIX3-70,AMRO,MI,70,-24.36,-30.88
PB-MIX3-70,CSWA,MI,70,-37.74,-37.38
PB-MIX3-83,MGWA,MI,83,-36.67,-39.43
PB-MIX3-83,WEME,MI,83,-31.56,-30.09
PB-MIX3-83,BRBL,MI,83,-35.41,-32.32
PB-MIX3-83,VESP,MI,83,-36.67,-35.96
PB-MIX3-83,MAWR,MI,83,-37.62,-33.53
PB-MIX3-83,AMCR,MI,83,-33.62,-36.33
PB-MIX3-83,NSWO,MI,83,-28.62,-32.75
PB-MIX3-83,BADO,MI,83,-33.54,-33.03
PB-MIX3-83,ALFL,MI,83,-30.49,-40.65
PB-MIX3-83,BOCH,MI,83,-44.55,-44.33
PB-MIX3-83,CCSP,MI,83,-44.92,-47.83
PB-MIX3-83,DEJU,MI,83,-39.23,-42.96
PB-MIX3-83,AMRO,MI,83,-32.2,-36.74
PB-MIX3-83,CSWA,MI,83,-40.62,-44.38
PB-MIX4-101,MAWR,MI,101,-40.68,-42.81
PB-MIX4-101,AMCR,MI,101,-32.65,-36.61
PB-MIX4-101,ALFL,MI,101,-38.03,-39.38
PB-MIX4-101,NSWO,MI,101,-35.15,-35.07
PB-MIX4-101,WEME,MI,101,-33.76,-42.14
PB-MIX4-101,VESP,MI,101,-40.88,-41.75
PB-MIX4-101,AMRO,MI,101,-38.71,-42.28
PB-MIX4-101,BRBL,MI,101,-38.36,-40.85
PB-MIX4-116,NSWO,MI,116,-39.38,-40.59
PB-MIX4-116,WEME,MI,116,-38.51,-40.88
PB-MIX4-116,VESP,MI,116,-39.65,-41.0
PB-MIX4-116,AMRO,MI,116,-37.36,-38.33
PB-MIX4-116,BRBL,MI,116,-39.55,-42.63
PB-MIX4-20,BADO,MI,20,-18.98,-23.34
PB-MIX4-20,BOCH,MI,20,-32.78,-30.69
PB-MIX4-20,LCSP,MI,20,-33.49,-40.48
PB-MIX4-20,MAWR,MI,20,-15.79,-19.29
PB-MIX4-20,AMCR,MI,20,-13.1,-18.75
PB-MIX4-20,ALFL,MI,20,-19.42,-19.23
PB-MIX4-20,NSWO,MI,20,-7.61,-18.23
PB-MIX4-20,WEME,MI,20,-14.08,-18.94
PB-MIX4-20,VESP,MI,20,-17.97,-20.95
PB-MIX4-20,MGWA,MI,20,-19.54,-24.62
PB-MIX4-20,CCSP,MI,20,-23.23,-25.52
PB-MIX4-20,CSWA,MI,20,-21.99,-22.6
PB-MIX4-20,DEJU,MI,20,-24.19,-27.49
PB-MIX4-20,AMRO,MI,20,-10.77,-15.26
PB-MIX4-20,BRBL,MI,20,-15.62,-21.33
PB-OP10-118,NSWO,OP,118,-35.41,-33.52
PB-OP10-118,DEJU,OP,118,-47.51,-47.32
PB-OP10-118,AMRO,OP,118,-37.68,-37.38
PB-OP10-118,WEME,OP,118,-37.62,-37.03
PB-OP10-118,MGWA,OP,118,-46.07,-43.95
PB-OP10-118,AMCR,OP,118,-35.86,-38.6
PB-OP10-118,CSWA,OP,118,-39.55,-46.5
PB-OP10-118,ALFL,OP,118,-42.7,-44.87
PB-OP10-118,VESP,OP,118,-42.53,-43.99
PB-OP10-118,CCSP,OP,118,-47.83,-49.1
PB-OP10-118,BRBL,OP,118,-43.91,-43.7
PB-OP10-118,MAWR,OP,118,-43.0,-44.97
PB-OP10-136,NSWO,OP,136,-33.98,-33.33
PB-OP10-136,DEJU,OP,136,-46.56,-46.39
PB-OP10-136,AMRO,OP,136,-41.24,-40.02
PB-OP10-136,WEME,OP,136,-37.17,-38.83
PB-OP10-136,MGWA,OP,136,-40.68,-46.67
PB-OP10-136,AMCR,OP,136,-37.62,-37.07
PB-OP10-136,CSWA,OP,136,-40.71,-45.75
PB-OP10-136,ALFL,OP,136,-46.56,-44.33
PB-OP10-136,VESP,OP,136,-40.82,-39.86
PB-OP10-136,CCSP,OP,136,-46.23,-46.34
PB-OP10-136,BRBL,OP,136,-34.13,-37.95
PB-OP10-136,MAWR,OP,136,-39.99,-35.69
PB-OP10-78,NSWO,OP,78,-28.68,-26.07
PB-OP10-78,DEJU,OP,78,-38.71,-34.6
PB-OP10-78,AMRO,OP,78,-33.39,-32.32
PB-OP10-78,WEME,OP,78,-33.98,-32.18
PB-OP10-78,MGWA,OP,78,-38.25,-35.13
PB-OP10-78,AMCR,OP,78,-33.39,-35.28
PB-OP10-78,LCSP,OP,78,-46.9,-49.97
PB-OP10-78,CSWA,OP,78,-40.62,-33.83
PB-OP10-78,ALFL,OP,78,-31.0,-31.96
PB-OP10-78,VESP,OP,78,-32.83,-32.13
PB-OP10-78,CCSP,OP,78,-31.72,-34.66
PB-OP10-78,BOCH,OP,78,-32.26,-36.11
PB-OP10-78,BRBL,OP,78,-33.24,-32.74
PB-OP10-78,MAWR,OP,78,-34.14,-33.9
PB-OP1-103,CSWA,OP,103,-39.38,-37.76
PB-OP1-103,MAWR,OP,103,-38.12,-24.38
PB-OP1-103,VESP,OP,103,-39.16,-38.9
PB-OP1-103,AMRO,OP,103,-25.69,-38.65
PB-OP1-103,VESP,OP,103,-20.0,-37.91
PB-OP1-103,DEJU,OP,103,-35.66,-43.54
PB-OP1-103,AMCR,OP,103,-19.05,-30.67
PB-OP1-103,MGWA,OP,103,-29.95,-30.52
PB-OP1-103,ALFL,OP,103,-20.33,-32.8
PB-OP1-103,CCSP,OP,103,-39.65,-42.7
PB-OP1-103,NSWO,OP,103,-34.86,-43.66
PB-OP1-103,BRBL,OP,103,-33.09,-26.7
PB-OP1-119,CSWA,OP,119,-37.66,-40.57
PB-OP1-119,MAWR,OP,119,-35.92,-36.14
PB-OP1-119,VESP,OP,119,-35.57,-42.49
PB-OP1-119,AMRO,OP,119,-28.75,-41.59
PB-OP1-119,WEME,OP,119,-23.94,-33.17
PB-OP1-119,AMCR,OP,119,-24.22,-25.9
PB-OP1-119,MGWA,OP,119,-43.99,-35.12
PB-OP1-119,ALFL,OP,119,-30.4,-42.49
PB-OP1-119,CCSP,OP,119,-41.62,-50.75
PB-OP1-119,NSWO,OP,119,-37.17,-36.56
PB-OP1-119,BRBL,OP,119,-34.1,-36.17
PB-OP11-22,AMCR,OP,22,-19.98,-21.1
PB-OP11-22,MGWA,OP,22,-24.31,-22.66
PB-OP11-22,BOCH,OP,22,-39.18,-34.32
PB-OP11-22,WEME,OP,22,-22.92,-21.19
PB-OP11-22,DEJU,OP,22,-33.43,-31.52
PB-OP11-22,ALFL,OP,22,-24.64,-23.54
PB-OP11-22,MAWR,OP,22,-24.46,-22.23
PB-OP11-22,BADO,OP,22,-34.98,-36.14
PB-OP11-22,LCSP,OP,22,-47.51,-43.99
PB-OP11-22,NSWO,OP,22,-20.86,-20.76
PB-OP11-22,VESP,OP,22,-20.84,-19.15
PB-OP11-22,CSWA,OP,22,-26.62,-24.51
PB-OP11-22,BRBL,OP,22,-24.68,-23.07
PB-OP11-22,CCSP,OP,22,-32.35,-29.25
PB-OP11-22,AMRO,OP,22,-18.65,-16.53
PB-OP13-134,BADO,OP,134,-25.36,-25.39
PB-OP13-134,MAWR,OP,134,-36.47,-38.14
PB-OP13-134,AMCR,OP,134,-38.29,-40.32
PB-OP13-134,ALFL,OP,134,-41.84,-42.6
PB-OP13-134,NSWO,OP,134,-29.72,-27.96
PB-OP13-134,WEME,OP,134,-32.81,-30.86
PB-OP13-134,VESP,OP,134,-37.78,-38.71
PB-OP13-134,AMRO,OP,134,-35.13,-37.24
PB-OP13-134,BRBL,OP,134,-37.05,-37.72
PB-OP13-143,AMCR,OP,143,-33.51,-34.34
PB-OP13-143,NSWO,OP,143,-28.45,-30.2
PB-OP13-143,WEME,OP,143,-35.06,-34.8
PB-OP13-143,VESP,OP,143,-36.59,-33.93
PB-OP13-143,AMRO,OP,143,-33.27,-32.62
PB-OP13-143,BRBL,OP,143,-29.83,-36.01
PB-OP13-75,BADO,OP,75,-26.8,-27.24
PB-OP13-75,MAWR,OP,75,-37.24,-33.3
PB-OP13-75,AMCR,OP,75,-25.42,-25.98
PB-OP13-75,ALFL,OP,75,-35.44,-35.06
PB-OP13-75,NSWO,OP,75,-20.96,-20.97
PB-OP13-75,WEME,OP,75,-29.02,-25.9
PB-OP13-75,VESP,OP,75,-35.79,-38.33
PB-OP13-75,MGWA,OP,75,-35.92,-38.27
PB-OP13-75,CCSP,OP,75,-39.04,-41.71
PB-OP13-75,CSWA,OP,75,-40.85,-42.46
PB-OP13-75,DEJU,OP,75,-43.27,-43.58
PB-OP13-75,AMRO,OP,75,-27.79,-29.39
PB-OP13-75,BRBL,OP,75,-31.98,-31.29
PB-OP14-119,AMCR,OP,119,-30.93,-32.6
PB-OP14-119,WEME,OP,119,-32.78,-33.72
PB-OP14-119,NSWO,OP,119,-30.33,-32.88
PB-OP14-119,VESP,OP,119,-34.94,-33.04
PB-OP14-119,BRBL,OP,119,-37.86,-40.48
PB-OP14-119,AMRO,OP,119,-26.09,-27.41
PB-OP14-141,AMCR,OP,141,-34.91,-35.81
PB-OP14-141,WEME,OP,141,-33.39,-31.82
PB-OP14-141,ALFL,OP,141,-35.45,-38.53
PB-OP14-141,MAWR,OP,141,-30.66,-37.03
PB-OP14-141,BADO,OP,141,-22.5,-23.84
PB-OP14-141,NSWO,OP,141,-26.85,-29.46
PB-OP14-141,VESP,OP,141,-37.3,-37.68
PB-OP14-141,BRBL,OP,141,-41.46,-44.29
PB-OP14-141,AMRO,OP,141,-36.06,-36.92
PB-OP14-26,AMCR,OP,26,-19.55,-19.01
PB-OP14-26,MGWA,OP,26,-21.12,-22.8
PB-OP14-26,BOCH,OP,26,-25.5,-28.61
PB-OP14-26,WEME,OP,26,-17.31,-18.39
PB-OP14-26,DEJU,OP,26,-21.96,-22.91
PB-OP14-26,ALFL,OP,26,-16.2,-16.55
PB-OP14-26,MAWR,OP,26,-14.87,-16.57
PB-OP14-26,BADO,OP,26,-13.56,-17.44
PB-OP14-26,NSWO,OP,26,-19.23,-19.64
PB-OP14-26,VESP,OP,26,-17.92,-16.98
PB-OP14-26,CSWA,OP,26,-21.54,-22.25
PB-OP14-26,BRBL,OP,26,-19.9,-20.35
PB-OP14-26,CCSP,OP,26,-19.73,-23.39
PB-OP14-26,AMRO,OP,26,-13.42,-14.55
PB-OP15-22,BADO,OP,22,-22.12,-27.54
PB-OP15-22,VESP,OP,22,-13.27,-17.67
PB-OP15-22,CCSP,OP,22,-17.47,-24.75
PB-OP15-22,BOCH,OP,22,-29.57,-35.55
PB-OP15-22,CSWA,OP,22,-16.91,-20.81
PB-OP15-22,LCSP,OP,22,-32.48,-37.97
PB-OP15-22,BRBL,OP,22,-13.12,-19.81
PB-OP15-22,AMCR,OP,22,-12.66,-18.11
PB-OP15-22,WEME,OP,22,-8.55,-15.87
PB-OP15-22,MAWR,OP,22,-11.72,-18.01
PB-OP15-22,MGWA,OP,22,-16.55,-23.64
PB-OP15-22,ALFL,OP,22,-15.62,-18.03
PB-OP15-22,DEJU,OP,22,-17.36,-21.25
PB-OP15-22,NSWO,OP,22,-8.71,-12.01
PB-OP15-22,AMRO,OP,22,-8.3,-14.87
PB-OP15-49,BADO,OP,49,-25.08,-24.74
PB-OP15-49,VESP,OP,49,-25.77,-29.06
PB-OP15-49,CCSP,OP,49,-24.14,-30.81
PB-OP15-49,BOCH,OP,49,-28.92,-35.13
PB-OP15-49,CSWA,OP,49,-23.19,-29.37
PB-OP15-49,LCSP,OP,49,-35.82,-39.89
PB-OP15-49,BRBL,OP,49,-18.68,-24.41
PB-OP15-49,AMCR,OP,49,-23.59,-29.41
PB-OP15-49,WEME,OP,49,-19.97,-27.02
PB-OP15-49,MAWR,OP,49,-14.99,-20.74
PB-OP15-49,MGWA,OP,49,-26.35,-32.89
PB-OP15-49,ALFL,OP,49,-26.85,-29.48
PB-OP15-49,DEJU,OP,49,-23.84,-30.7
PB-OP15-49,NSWO,OP,49,-24.33,-27.48
PB-OP15-49,AMRO,OP,49,-13.55,-19.94
PB-OP15-82,BADO,OP,82,-28.0,-33.01
PB-OP15-82,VESP,OP,82,-27.63,-32.16
PB-OP15-82,CCSP,OP,82,-27.9,-33.9
PB-OP15-82,BOCH,OP,82,-36.9,-36.52
PB-OP15-82,CSWA,OP,82,-27.05,-30.93
PB-OP15-82,BRBL,OP,82,-25.88,-30.81
PB-OP15-82,AMCR,OP,82,-22.6,-27.77
PB-OP15-82,WEME,OP,82,-22.15,-28.02
PB-OP15-82,MAWR,OP,82,-25.56,-31.29
PB-OP15-82,MGWA,OP,82,-30.04,-35.31
PB-OP15-82,ALFL,OP,82,-31.78,-33.01
PB-OP15-82,DEJU,OP,82,-27.55,-33.41
PB-OP15-82,NSWO,OP,82,-20.25,-25.17
PB-OP15-82,AMRO,OP,82,-19.31,-24.0
PB-OP16-21,BADO,OP,21,-28.44,-21.83
PB-OP16-21,BOCH,OP,21,-27.57,-26.35
PB-OP16-21,LCSP,OP,21,-33.26,-29.2
PB-OP16-21,MAWR,OP,21,-16.04,-11.36
PB-OP16-21,AMCR,OP,21,-17.05,-13.69
PB-OP16-21,ALFL,OP,21,-14.49,-12.72
PB-OP16-21,NSWO,OP,21,-14.33,-10.4
PB-OP16-21,WEME,OP,21,-17.72,-13.13
PB-OP16-21,VESP,OP,21,-18.78,-15.65
PB-OP16-21,MGWA,OP,21,-23.71,-17.41
PB-OP16-21,CCSP,OP,21,-18.98,-17.35
PB-OP16-21,MGWA,OP,21,-15.69,-14.0
PB-OP16-21,DEJU,OP,21,-18.84,-18.5
PB-OP16-21,AMRO,OP,21,-12.75,-9.71
PB-OP16-21,BRBL,OP,21,-16.51,-13.25
PB-OP16-71,MAWR,OP,71,-26.59,-30.04
PB-OP16-71,AMCR,OP,71,-33.37,-31.1
PB-OP16-71,ALFL,OP,71,-34.63,-35.57
PB-OP16-71,NSWO,OP,71,-33.51,-29.22
PB-OP16-71,WEME,OP,71,-34.05,-30.95
PB-OP16-71,VESP,OP,71,-35.68,-38.36
PB-OP16-71,MGWA,OP,71,-36.58,-40.07
PB-OP16-71,CCSP,OP,71,-32.5,-37.26
PB-OP16-71,CSWA,OP,71,-36.54,-37.62
PB-OP16-71,DEJU,OP,71,-44.42,-43.46
PB-OP16-71,AMRO,OP,71,-30.99,-30.63
PB-OP16-71,BRBL,OP,71,-36.06,-34.52
PB-OP16-88,MAWR,OP,88,-37.86,-36.42
PB-OP16-88,AMCR,OP,88,-40.82,-36.07
PB-OP16-88,NSWO,OP,88,-35.31,-34.39
PB-OP16-88,WEME,OP,88,-35.89,-32.6
PB-OP16-88,VESP,OP,88,-40.12,-41.68
PB-OP16-88,MGWA,OP,88,-40.04,-37.86
PB-OP16-88,AMRO,OP,88,-33.17,-32.81
PB-OP17-27,WEME,OP,27,-19.93,-15.18
PB-OP17-27,MGWA,OP,27,-22.39,-21.83
PB-OP17-27,BOCH,OP,27,-33.81,-31.17
PB-OP17-27,BADO,OP,27,-35.94,-34.48
PB-OP17-27,VESP,OP,27,-20.39,-22.07
PB-OP17-27,LCSP,OP,27,-39.78,-39.99
PB-OP17-27,BRBL,OP,27,-19.46,-19.35
PB-OP17-27,AMCR,OP,27,-19.31,-19.29
PB-OP17-27,CCSP,OP,27,-24.24,-21.8
PB-OP17-27,CSWA,OP,27,-21.64,-21.8
PB-OP17-27,AMRO,OP,27,-18.73,-13.97
PB-OP17-27,MAWR,OP,27,-18.86,-13.59
PB-OP17-27,DEJU,OP,27,-24.25,-26.09
PB-OP17-27,NSWO,OP,27,-17.83,-17.21
PB-OP17-27,ALFL,OP,27,-21.13,-17.75
PB-OP17-40,WEME,OP,40,-23.19,-18.3
PB-OP17-40,MGWA,OP,40,-24.76,-22.77
PB-OP17-40,BOCH,OP,40,-42.01,-38.29
PB-OP17-40,BADO,OP,40,-39.28,-40.71
PB-OP17-40,VESP,OP,40,-25.17,-23.88
PB-OP17-40,LCSP,OP,40,-46.45,-49.56
PB-OP17-40,BRBL,OP,40,-23.14,-19.66
PB-OP17-40,AMCR,OP,40,-22.7,-20.53
PB-OP17-40,CCSP,OP,40,-29.43,-27.47
PB-OP17-40,CSWA,OP,40,-26.05,-24.05
PB-OP17-40,AMRO,OP,40,-20.47,-14.63
PB-OP17-40,MAWR,OP,40,-24.18,-19.21
PB-OP17-40,DEJU,OP,40,-28.5,-25.44
PB-OP17-40,NSWO,OP,40,-18.8,-18.03
PB-OP17-40,ALFL,OP,40,-23.32,-19.48
PB-OP17-47,WEME,OP,47,-24.98,-21.68
PB-OP17-47,MGWA,OP,47,-26.9,-23.34
PB-OP17-47,BOCH,OP,47,-35.86,-35.45
PB-OP17-47,BADO,OP,47,-42.28,-39.55
PB-OP17-47,VESP,OP,47,-21.92,-23.36
PB-OP17-47,LCSP,OP,47,-48.8,-47.51
PB-OP17-47,BRBL,OP,47,-24.41,-22.99
PB-OP17-47,AMCR,OP,47,-28.86,-27.03
PB-OP17-47,CCSP,OP,47,-27.62,-26.75
PB-OP17-47,CSWA,OP,47,-24.15,-22.92
PB-OP17-47,AMRO,OP,47,-18.88,-17.15
PB-OP17-47,MAWR,OP,47,-22.98,-24.56
PB-OP17-47,DEJU,OP,47,-23.54,-23.96
PB-OP17-47,NSWO,OP,47,-22.0,-22.4
PB-OP17-47,ALFL,OP,47,-22.85,-22.77
PB-OP18-143,NSWO,OP,143,-30.75,-31.02
PB-OP18-22,MGWA,OP,22,-18.94,-19.1
PB-OP18-22,WEME,OP,22,-16.52,-17.74
PB-OP18-22,BRBL,OP,22,-17.87,-17.1
PB-OP18-22,VESP,OP,22,-16.91,-15.87
PB-OP18-22,MAWR,OP,22,-19.54,-21.6
PB-OP18-22,AMRO,OP,22,-17.57,-15.89
PB-OP18-22,NSWO,OP,22,-14.71,-12.13
PB-OP18-22,BADO,OP,22,-27.06,-25.58
PB-OP18-22,ALFL,OP,22,-20.2,-18.69
PB-OP18-22,BOCH,OP,22,-31.92,-30.37
PB-OP18-22,CCSP,OP,22,-25.8,-24.61
PB-OP18-22,DEJU,OP,22,-26.92,-28.29
PB-OP18-22,AMRO,OP,22,-14.86,-18.29
PB-OP18-22,CSWA,OP,22,-24.85,-22.98
PB-OP20-20,CSWA,OP,20,-23.03,-24.01
PB-OP20-20,MAWR,OP,20,-21.24,-21.99
PB-OP20-20,VESP,OP,20,-22.85,-22.32
PB-OP20-20,LCSP,OP,20,-50.66,-45.6
PB-OP20-20,BADO,OP,20,-29.17,-15.71
PB-OP20-20,AMRO,OP,20,-16.97,-18.28
PB-OP20-20,WEME,OP,20,-18.93,-15.97
PB-OP20-20,DEJU,OP,20,-23.87,-24.07
PB-OP20-20,BOCH,OP,20,-30.69,-30.91
PB-OP20-20,AMCR,OP,20,-19.81,-18.98
PB-OP20-20,MGWA,OP,20,-23.43,-20.94
PB-OP20-56,CSWA,OP,56,-28.89,-25.37
PB-OP20-56,MAWR,OP,56,-24.79,-22.88
PB-OP20-56,VESP,OP,56,-27.58,-27.51
PB-OP20-56,BADO,OP,56,-24.31,-10.47
PB-OP20-56,AMRO,OP,56,-24.7,-23.13
PB-OP20-56,WEME,OP,56,-28.36,-11.49
PB-OP20-56,DEJU,OP,56,-33.07,-28.7
PB-OP20-56,BOCH,OP,56,-30.45,-17.68
PB-OP20-56,AMCR,OP,56,-32.88,-22.68
PB-OP20-56,MGWA,OP,56,-27.97,-21.86
PB-OP20-56,ALFL,OP,56,-30.26,-27.52
PB-OP20-56,CCSP,OP,56,-34.25,-33.8
PB-OP20-56,NSWO,OP,56,-27.9,-29.85
PB-OP20-56,BRBL,OP,56,-28.28,-26.66
PB-OP2-131,WEME,OP,131,-30.04,-21.9
PB-OP2-131,MGWA,OP,131,-32.89,-26.25
PB-OP2-131,BADO,OP,131,-25.5,-26.23
PB-OP2-131,VESP,OP,131,-36.38,-21.19
PB-OP2-131,BRBL,OP,131,-32.25,-33.01
PB-OP2-131,AMCR,OP,131,-35.77,-31.44
PB-OP2-131,CCSP,OP,131,-34.6,-24.95
PB-OP2-131,CSWA,OP,131,-36.4,-36.17
PB-OP2-131,AMRO,OP,131,-29.4,-28.35
PB-OP2-131,MAWR,OP,131,-30.98,-25.31
PB-OP2-131,DEJU,OP,131,-43.42,-39.83
PB-OP2-131,NSWO,OP,131,-32.28,-28.86
PB-OP2-131,ALFL,OP,131,-41.12,-39.06
PB-OP2-25,WEME,OP,25,-13.77,-10.28
PB-OP2-25,MGWA,OP,25,-24.13,-19.26
PB-OP2-25,BOCH,OP,25,-28.27,-25.23
PB-OP2-25,BADO,OP,25,-22.43,-17.29
PB-OP2-25,VESP,OP,25,-19.81,-17.37
PB-OP2-25,LCSP,OP,25,-29.03,-36.68
PB-OP2-25,BRBL,OP,25,-15.84,-13.97
PB-OP2-25,AMCR,OP,25,-19.84,-16.14
PB-OP2-25,CCSP,OP,25,-17.76,-15.9
PB-OP2-25,CSWA,OP,25,-20.02,-16.2
PB-OP2-25,AMRO,OP,25,-14.98,-14.07
PB-OP2-25,MAWR,OP,25,-18.67,-15.33
PB-OP2-25,DEJU,OP,25,-18.51,-20.65
PB-OP2-25,NSWO,OP,25,-19.08,-14.61
PB-OP2-25,ALFL,OP,25,-17.98,-16.92
PB-OP2-62,WEME,OP,62,-32.09,-28.86
PB-OP2-62,MGWA,OP,62,-44.69,-40.88
PB-OP2-62,BADO,OP,62,-38.92,-39.97
PB-OP2-62,VESP,OP,62,-43.23,-38.81
PB-OP2-62,BRBL,OP,62,-33.79,-29.99
PB-OP2-62,AMCR,OP,62,-32.76,-26.69
PB-OP2-62,CCSP,OP,62,-47.57,-45.65
PB-OP2-62,CSWA,OP,62,-43.23,-40.82
PB-OP2-62,AMRO,OP,62,-30.91,-31.18
PB-OP2-62,MAWR,OP,62,-33.04,-34.73
PB-OP2-62,DEJU,OP,62,-47.9,-51.62
PB-OP2-62,NSWO,OP,62,-32.62,-29.9
PB-OP2-62,ALFL,OP,62,-35.97,-43.91
PB-OP3-112,VESP,OP,112,-39.53,-35.77
PB-OP3-112,NSWO,OP,112,-33.24,-38.76
PB-OP3-112,BADO,OP,112,-37.7,-37.13
PB-OP3-112,BRBL,OP,112,-36.45,-39.11
PB-OP3-112,WEME,OP,112,-32.03,-34.89
PB-OP3-112,CSWA,OP,112,-42.25,-40.62
PB-OP3-112,AMRO,OP,112,-32.17,-39.73
PB-OP3-112,MAWR,OP,112,-34.98,-41.94
PB-OP3-112,MGWA,OP,112,-41.37,-46.01
PB-OP3-112,DEJU,OP,112,-47.26,-43.78
PB-OP3-112,CCSP,OP,112,-49.25,-38.55
PB-OP3-112,ALFL,OP,112,-40.15,-42.92
PB-OP3-112,AMCR,OP,112,-38.69,-32.47
PB-OP3-67,VESP,OP,67,-35.6,-18.29
PB-OP3-67,NSWO,OP,67,-24.42,-33.97
PB-OP3-67,LCSP,OP,67,-42.28,-42.01
PB-OP3-67,BRBL,OP,67,-30.75,-29.62
PB-OP3-67,WEME,OP,67,-33.63,-24.27
PB-OP3-67,CSWA,OP,67,-44.69,-29.04
PB-OP3-67,AMRO,OP,67,-36.09,-38.16
PB-OP3-67,MAWR,OP,67,-34.35,-40.12
PB-OP3-67,MGWA,OP,67,-41.68,-38.78
PB-OP3-67,DEJU,OP,67,-45.3,-41.91
PB-OP3-67,BOCH,OP,67,-48.1,-28.02
PB-OP3-67,CCSP,OP,67,-43.5,-42.56
PB-OP3-67,ALFL,OP,67,-22.83,-31.31
PB-OP3-67,AMCR,OP,67,-22.66,-33.11
PB-OP3-76,VESP,OP,76,-39.83,-22.06
PB-OP3-76,NSWO,OP,76,-31.4,-26.28
PB-OP3-76,BADO,OP,76,-33.75,-24.94
PB-OP3-76,BRBL,OP,76,-39.76,-18.48
PB-OP3-76,WEME,OP,76,-35.87,-17.18
PB-OP3-76,CSWA,OP,76,-40.04,-31.85
PB-OP3-76,AMRO,OP,76,-35.74,-25.8
PB-OP3-76,MAWR,OP,76,-30.41,-32.97
PB-OP3-76,MGWA,OP,76,-38.25,-48.87
PB-OP3-76,DEJU,OP,76,-46.79,-39.83
PB-OP3-76,BOCH,OP,76,-43.04,-42.42
PB-OP3-76,CCSP,OP,76,-46.23,-43.3
PB-OP3-76,ALFL,OP,76,-38.42,-34.12
PB-OP3-76,AMCR,OP,76,-36.04,-31.81
PB-OP4-129,VESP,OP,129,-54.19,-49.97
PB-OP4-129,AMRO,OP,129,-52.25,-48.23
PB-OP4-129,WEME,OP,129,-50.57,-46.39
PB-OP4-129,AMCR,OP,129,-52.03,-49.48
PB-OP4-129,NSWO,OP,129,-50.31,-47.64
PB-OP4-129,BRBL,OP,129,-58.49,-50.4
PB-OP4-137,VESP,OP,137,-53.66,-50.75
PB-OP4-137,AMRO,OP,137,-50.66,-45.3
PB-OP4-137,WEME,OP,137,-46.79,-49.48
PB-OP4-137,AMCR,OP,137,-41.03,-42.42
PB-OP4-137,NSWO,OP,137,-36.26,-42.63
PB-OP4-137,BRBL,OP,137,-51.82,-45.01
PB-OP4-38,CSWA,OP,38,-38.01,-30.47
PB-OP4-38,MAWR,OP,38,-34.52,-20.25
PB-OP4-38,VESP,OP,38,-34.83,-28.81
PB-OP4-38,LCSP,OP,38,-49.72,-37.32
PB-OP4-38,BADO,OP,38,-15.54,-9.45
PB-OP4-38,AMRO,OP,38,-30.05,-21.2
PB-OP4-38,WEME,OP,38,-30.83,-24.79
PB-OP4-38,DEJU,OP,38,-39.38,-30.27
PB-OP4-38,BOCH,OP,38,-45.96,-39.73
PB-OP4-38,AMCR,OP,38,-24.38,-21.7
PB-OP4-38,MGWA,OP,38,-35.41,-25.3
PB-OP4-38,ALFL,OP,38,-34.42,-28.16
PB-OP4-38,CCSP,OP,38,-42.04,-31.57
PB-OP4-38,NSWO,OP,38,-21.6,-20.66
PB-OP4-38,BRBL,OP,38,-26.72,-18.72
PB-OP5-109,WEME,OP,109,-35.94,-40.48
PB-OP5-109,CSWA,OP,109,-35.6,-44.78
PB-OP5-109,MAWR,OP,109,-35.81,-42.04
PB-OP5-109,ALFL,OP,109,-34.95,-41.27
PB-OP5-109,BRBL,OP,109,-39.06,-40.12
PB-OP5-109,AMCR,OP,109,-36.21,-38.85
PB-OP5-109,NSWO,OP,109,-39.76,-38.22
PB-OP5-109,VESP,OP,109,-38.36,-43.23
PB-OP5-109,AMRO,OP,109,-36.56,-44.03
PB-OP5-109,MGWA,OP,109,-45.11,-44.92
PB-OP5-109,BADO,OP,109,-29.16,-35.69
PB-OP5-45,WEME,OP,45,-13.42,-38.25
PB-OP5-45,CSWA,OP,45,-18.23,-41.06
PB-OP5-45,BOCH,OP,45,-24.85,-40.4
PB-OP5-45,MAWR,OP,45,-13.23,-37.28
PB-OP5-45,CCSP,OP,45,-13.33,-46.07
PB-OP5-45,ALFL,OP,45,-14.86,-41.06
PB-OP5-45,BRBL,OP,45,-19.31,-36.74
PB-OP5-45,AMCR,OP,45,-17.13,-37.8
PB-OP5-45,NSWO,OP,45,-15.54,-39.4
PB-OP5-45,VESP,OP,45,-13.05,-40.51
PB-OP5-45,AMRO,OP,45,-14.29,-39.45
PB-OP5-45,DEJU,OP,45,-16.59,-44.69
PB-OP5-45,MGWA,OP,45,-21.8,-40.57
PB-OP5-45,BADO,OP,45,-28.04,-35.39
PB-OP6-17,NSWO,OP,17,-12.36,-8.53
PB-OP6-17,DEJU,OP,17,-15.96,-25.19
PB-OP6-17,AMRO,OP,17,-3.69,-6.33
PB-OP6-17,WEME,OP,17,-5.67,-7.38
PB-OP6-17,MGWA,OP,17,-13.81,-19.55
PB-OP6-17,AMCR,OP,17,-13.47,-10.31
PB-OP6-17,LCSP,OP,17,-31.5,-37.0
PB-OP6-17,CSWA,OP,17,-16.35,-20.92
PB-OP6-17,BADO,OP,17,-19.02,-18.29
PB-OP6-17,ALFL,OP,17,-12.89,-19.03
PB-OP6-17,VESP,OP,17,-13.3,-17.57
PB-OP6-17,CCSP,OP,17,-20.94,-25.33
PB-OP6-17,BOCH,OP,17,-25.72,-30.42
PB-OP6-17,BRBL,OP,17,-10.58,-12.03
PB-OP6-17,MAWR,OP,17,-7.93,-11.0
PB-OP6-52,NSWO,OP,52,-26.45,-24.17
PB-OP6-52,AMRO,OP,52,-30.09,-30.25
PB-OP6-52,WEME,OP,52,-27.15,-30.69
PB-OP6-52,MGWA,OP,52,-31.73,-40.04
PB-OP6-52,AMCR,OP,52,-25.23,-28.87
PB-OP6-52,CSWA,OP,52,-35.74,-42.89
PB-OP6-52,BADO,OP,52,-31.92,-34.85
PB-OP6-52,ALFL,OP,52,-36.63,-43.04
PB-OP6-52,VESP,OP,52,-34.38,-38.94
PB-OP6-52,CCSP,OP,52,-37.86,-38.85
PB-OP6-52,BOCH,OP,52,-38.76,-44.46
PB-OP6-52,BRBL,OP,52,-31.98,-37.05
PB-OP6-52,MAWR,OP,52,-36.43,-34.06
PB-OP6-63,NSWO,OP,63,-37.21,-34.25
PB-OP6-63,DEJU,OP,63,-45.7,-47.14
PB-OP6-63,AMRO,OP,63,-34.06,-38.44
PB-OP6-63,WEME,OP,63,-33.58,-36.54
PB-OP6-63,AMCR,OP,63,-36.36,-39.13
PB-OP6-63,CSWA,OP,63,-40.77,-41.4
PB-OP6-63,ALFL,OP,63,-31.89,-37.6
PB-OP6-63,VESP,OP,63,-31.06,-40.65
PB-OP6-63,CCSP,OP,63,-41.94,-41.88
PB-OP6-63,BOCH,OP,63,-41.81,-40.45
PB-OP6-63,BRBL,OP,63,-38.6,-39.99
PB-OP6-63,MAWR,OP,63,-32.26,-39.26
PB-OP7-77,NSWO,OP,77,-27.44,-24.58
PB-OP7-77,DEJU,OP,77,-38.29,-29.73
PB-OP7-77,AMRO,OP,77,-23.47,-23.4
PB-OP7-77,WEME,OP,77,-23.16,-23.3
PB-OP7-77,MGWA,OP,77,-36.49,-30.42
PB-OP7-77,AMCR,OP,77,-30.25,-28.19
PB-OP7-77,LCSP,OP,77,-52.58,-45.91
PB-OP7-77,CSWA,OP,77,-37.93,-28.32
PB-OP7-77,BADO,OP,77,-26.68,-25.14
PB-OP7-77,ALFL,OP,77,-33.42,-25.81
PB-OP7-77,VESP,OP,77,-32.39,-27.13
PB-OP7-77,CCSP,OP,77,-38.58,-32.35
PB-OP7-77,BOCH,OP,77,-42.25,-36.19
PB-OP7-77,BRBL,OP,77,-27.18,-23.79
PB-OP7-77,MAWR,OP,77,-26.28,-28.6
PB-OP7-96,NSWO,OP,96,-27.88,-25.07
PB-OP7-96,DEJU,OP,96,-37.58,-28.42
PB-OP7-96,AMRO,OP,96,-22.69,-22.48
PB-OP7-96,WEME,OP,96,-23.81,-21.31
PB-OP7-96,MGWA,OP,96,-31.29,-24.21
PB-OP7-96,AMCR,OP,96,-24.3,-21.92
PB-OP7-96,CSWA,OP,96,-36.07,-31.06
PB-OP7-96,BADO,OP,96,-33.84,-34.45
PB-OP7-96,ALFL,OP,96,-32.09,-22.94
PB-OP7-96,VESP,OP,96,-31.38,-23.86
PB-OP7-96,CCSP,OP,96,-35.04,-26.13
PB-OP7-96,BOCH,OP,96,-41.03,-35.97
PB-OP7-96,BRBL,OP,96,-24.45,-21.4
PB-OP7-96,MAWR,OP,96,-26.05,-27.54
PB-OP8-65,WEME,OP,65,-22.24,-27.1
PB-OP8-65,MGWA,OP,65,-27.94,-29.87
PB-OP8-65,BOCH,OP,65,-31.1,-34.41
PB-OP8-65,BADO,OP,65,-15.88,-5.75
PB-OP8-65,VESP,OP,65,-25.1,-23.17
PB-OP8-65,AMCR,OP,65,-21.0,-12.12
PB-OP8-65,CCSP,OP,65,-22.8,-20.0
PB-OP8-65,CSWA,OP,65,-28.65,-27.64
PB-OP8-65,AMRO,OP,65,-26.32,-26.88
PB-OP8-65,MAWR,OP,65,-28.7,-26.28
PB-OP8-65,NSWO,OP,65,-14.75,-10.41
PB-OP8-65,ALFL,OP,65,-28.34,-26.81
PB-OP8-87,WEME,OP,87,-30.18,-27.5
PB-OP8-87,MGWA,OP,87,-35.42,-36.29
PB-OP8-87,BOCH,OP,87,-33.74,-39.99
PB-OP8-87,BADO,OP,87,-15.19,-11.44
PB-OP8-87,VESP,OP,87,-31.41,-28.54
PB-OP8-87,BRBL,OP,87,-27.9,-27.13
PB-OP8-87,AMCR,OP,87,-32.03,-29.35
PB-OP8-87,CCSP,OP,87,-43.46,-43.82
PB-OP8-87,CSWA,OP,87,-38.71,-37.99
PB-OP8-87,AMRO,OP,87,-31.09,-27.56
PB-OP8-87,MAWR,OP,87,-33.43,-30.48
PB-OP8-87,DEJU,OP,87,-41.84,-37.56
PB-OP8-87,NSWO,OP,87,-30.97,-30.8
PB-OP8-87,ALFL,OP,87,-30.41,-38.05
PB-OP8-88,WEME,OP,88,-32.11,-32.28
PB-OP8-88,MGWA,OP,88,-30.51,-32.77
PB-OP8-88,BADO,OP,88,-26.66,-27.9
PB-OP8-88,VESP,OP,88,-32.81,-32.12
PB-OP8-88,BRBL,OP,88,-36.68,-38.36
PB-OP8-88,AMCR,OP,88,-29.25,-26.17
PB-OP8-88,CCSP,OP,88,-37.72,-36.94
PB-OP8-88,CSWA,OP,88,-38.9,-38.49
PB-OP8-88,AMRO,OP,88,-29.64,-26.65
PB-OP8-88,MAWR,OP,88,-36.51,-36.19
PB-OP8-88,DEJU,OP,88,-38.29,-33.57
PB-OP8-88,NSWO,OP,88,-31.41,-29.29
PB-OP8-88,ALFL,OP,88,-34.59,-32.73
PB-PIN1-70,AMCR,PI,70,-38.53,-37.09
PB-PIN1-70,MGWA,PI,70,-50.57,-49.32
PB-PIN1-70,WEME,PI,70,-42.85,-40.48
PB-PIN1-70,DEJU,PI,70,-51.22,-49.89
PB-PIN1-70,ALFL,PI,70,-47.83,-45.2
PB-PIN1-70,MAWR,PI,70,-45.3,-45.25
PB-PIN1-70,NSWO,PI,70,-37.32,-36.14
PB-PIN1-70,VESP,PI,70,-43.11,-41.65
PB-PIN1-70,CSWA,PI,70,-47.51,-46.01
PB-PIN1-70,BRBL,PI,70,-44.69,-44.78
PB-PIN1-70,CCSP,PI,70,-49.97,-47.77
PB-PIN1-70,AMRO,PI,70,-41.88,-40.65
PB-PIN2-101,MGWA,PI,101,-40.4,-40.68
PB-PIN2-101,WEME,PI,101,-36.76,-35.68
PB-PIN2-101,BRBL,PI,101,-35.82,-35.63
PB-PIN2-101,VESP,PI,101,-36.31,-35.39
PB-PIN2-101,MAWR,PI,101,-35.42,-36.11
PB-PIN2-101,AMCR,PI,101,-36.19,-36.85
PB-PIN2-101,NSWO,PI,101,-34.83,-37.05
PB-PIN2-101,BADO,PI,101,-30.4,-30.68
PB-PIN2-101,ALFL,PI,101,-39.73,-39.58
PB-PIN2-101,BOCH,PI,101,-43.66,-43.82
PB-PIN2-101,CCSP,PI,101,-43.58,-43.54
PB-PIN2-101,DEJU,PI,101,-42.11,-43.15
PB-PIN2-101,AMRO,PI,101,-34.63,-38.01
PB-PIN2-101,CSWA,PI,101,-43.54,-43.54
PB-PIN2-134,MGWA,PI,134,-41.91,-42.18
PB-PIN2-134,WEME,PI,134,-37.95,-38.74
PB-PIN2-134,BRBL,PI,134,-40.32,-40.43
PB-PIN2-134,VESP,PI,134,-39.23,-39.35
PB-PIN2-134,MAWR,PI,134,-43.15,-43.42
PB-PIN2-134,AMCR,PI,134,-36.76,-37.07
PB-PIN2-134,NSWO,PI,134,-37.3,-37.03
PB-PIN2-134,BADO,PI,134,-32.89,-33.24
PB-PIN2-134,ALFL,PI,134,-40.21,-40.26
PB-PIN2-134,AMRO,PI,134,-40.37,-40.77
PB-PIN2-134,CSWA,PI,134,-44.92,-45.11
PB-PIN2-47,MGWA,PI,47,-20.57,-21.16
PB-PIN2-47,WEME,PI,47,-19.91,-21.68
PB-PIN2-47,BRBL,PI,47,-19.98,-23.1
PB-PIN2-47,VESP,PI,47,-18.29,-21.39
PB-PIN2-47,MAWR,PI,47,-20.97,-26.44
PB-PIN2-47,AMCR,PI,47,-21.6,-21.41
PB-PIN2-47,NSWO,PI,47,-19.1,-22.13
PB-PIN2-47,LCSP,PI,47,-41.09,-39.63
PB-PIN2-47,BADO,PI,47,-30.52,-30.83
PB-PIN2-47,ALFL,PI,47,-18.7,-21.8
PB-PIN2-47,BOCH,PI,47,-30.63,-31.96
PB-PIN2-47,CCSP,PI,47,-28.89,-24.15
PB-PIN2-47,DEJU,PI,47,-26.05,-28.06
PB-PIN2-47,AMRO,PI,47,-18.05,-19.99
PB-PIN2-47,CSWA,PI,47,-21.04,-22.44
PB-PIN3-25,BADO,PI,25,-28.55,-21.44
PB-PIN3-25,VESP,PI,25,-20.8,-20.39
PB-PIN3-25,CCSP,PI,25,-30.28,-27.59
PB-PIN3-25,BOCH,PI,25,-35.87,-41.46
PB-PIN3-25,CSWA,PI,25,-35.77,-35.06
PB-PIN3-25,LCSP,PI,25,-41.37,-48.73
PB-PIN3-25,BRBL,PI,25,-30.77,-23.22
PB-PIN3-25,AMCR,PI,25,-29.71,-21.54
PB-PIN3-25,WEME,PI,25,-26.31,-19.93
PB-PIN3-25,MAWR,PI,25,-26.83,-18.5
PB-PIN3-25,MGWA,PI,25,-28.15,-26.92
PB-PIN3-25,ALFL,PI,25,-29.03,-21.28
PB-PIN3-25,DEJU,PI,25,-30.7,-27.43
PB-PIN3-25,NSWO,PI,25,-24.81,-8.39
PB-PIN3-25,AMRO,PI,25,-19.43,-11.64
PB-PIN3-86,DEJU,PI,86,-29.72,-32.29
PB-PIN3-86,VESP,PI,86,-34.02,-35.36
PB-PIN3-86,CCSP,PI,86,-38.78,-42.96
PB-PIN3-86,BOCH,PI,86,-36.7,-46.5
PB-PIN3-86,CSWA,PI,86,-36.11,-37.09
PB-PIN3-86,BRBL,PI,86,-32.28,-29.84
PB-PIN3-86,AMCR,PI,86,-34.13,-25.63
PB-PIN3-86,WEME,PI,86,-31.22,-27.81
PB-PIN3-86,MAWR,PI,86,-33.27,-27.41
PB-PIN3-86,MGWA,PI,86,-34.29,-37.95
PB-PIN3-86,ALFL,PI,86,-32.16,-33.79
PB-PIN3-86,DEJU,PI,86,-37.34,-41.43
PB-PIN3-86,NSWO,PI,86,-31.27,-20.68
PB-PIN3-86,AMRO,PI,86,-31.86,-27.74
PB-PIN4-49,BADO,PI,49,-28.72,-25.21
PB-PIN4-49,BOCH,PI,49,-35.73,-36.54
PB-PIN4-49,MAWR,PI,49,-26.09,-19.63
PB-PIN4-49,AMCR,PI,49,-23.18,-22.97
PB-PIN4-49,ALFL,PI,49,-25.31,-27.17
PB-PIN4-49,NSWO,PI,49,-13.65,-20.8
PB-PIN4-49,WEME,PI,49,-23.3,-19.49
PB-PIN4-49,VESP,PI,49,-24.28,-24.98
PB-PIN4-49,MGWA,PI,49,-25.42,-20.87
PB-PIN4-49,CCSP,PI,49,-27.64,-28.54
PB-PIN4-49,CSWA,PI,49,-24.46,-22.44
PB-PIN4-49,DEJU,PI,49,-28.53,-28.28
PB-PIN4-49,AMRO,PI,49,-18.04,-14.03
PB-PIN4-49,BRBL,PI,49,-25.76,-20.4
PB-PIN4-55,BADO,PI,55,-23.84,-17.47
PB-PIN4-55,BOCH,PI,55,-28.86,-32.38
PB-PIN4-55,MAWR,PI,55,-25.56,-18.87
PB-PIN4-55,AMCR,PI,55,-27.09,-21.44
PB-PIN4-55,ALFL,PI,55,-22.42,-22.46
PB-PIN4-55,NSWO,PI,55,-17.67,-20.07
PB-PIN4-55,WEME,PI,55,-25.73,-18.93
PB-PIN4-55,VESP,PI,55,-24.81,-24.86
PB-PIN4-55,MGWA,PI,55,-26.18,-24.4
PB-PIN4-55,CCSP,PI,55,-28.3,-29.63
PB-PIN4-55,CSWA,PI,55,-23.96,-27.07
PB-PIN4-55,DEJU,PI,55,-31.77,-32.19
PB-PIN4-55,AMRO,PI,55,-21.76,-19.4
PB-PIN4-55,BRBL,PI,55,-25.11,-23.15
PB-PIN4-88,BOCH,PI,88,-43.91,-42.63
PB-PIN4-88,MAWR,PI,88,-34.95,-32.21
PB-PIN4-88,AMCR,PI,88,-32.31,-31.33
PB-PIN4-88,ALFL,PI,88,-32.97,-32.31
PB-PIN4-88,NSWO,PI,88,-29.16,-25.53
PB-PIN4-88,WEME,PI,88,-24.96,-25.71
PB-PIN4-88,VESP,PI,88,-35.91,-23.53
PB-PIN4-88,MGWA,PI,88,-32.4,-30.9
PB-PIN4-88,CCSP,PI,88,-41.24,-38.58
PB-PIN4-88,CSWA,PI,88,-34.73,-36.65
PB-PIN4-88,DEJU,PI,88,-37.26,-40.26
PB-PIN4-88,AMRO,PI,88,-31.85,-25.99
PB-PIN4-88,BRBL,PI,88,-32.01,-30.32
PB-PIN5-132,WEME,PI,132,-35.94,-42.08
PB-PIN5-132,BRBL,PI,132,-56.33,-55.82
PB-PIN5-132,AMCR,PI,132,-42.42,-43.5
PB-PIN5-132,NSWO,PI,132,-43.11,-42.53
PB-PIN5-132,VESP,PI,132,-45.35,-49.25
PB-PIN5-132,AMRO,PI,132,-42.63,-44.2
PB-PIN5-32,WEME,PI,32,-17.03,-18.54
PB-PIN5-32,CSWA,PI,32,-17.19,-20.96
PB-PIN5-32,BOCH,PI,32,-28.31,-29.02
PB-PIN5-32,MAWR,PI,32,-18.33,-20.1
PB-PIN5-32,CCSP,PI,32,-23.22,-25.28
PB-PIN5-32,ALFL,PI,32,-16.33,-18.74
PB-PIN5-32,BRBL,PI,32,-19.28,-21.07
PB-PIN5-32,AMCR,PI,32,-20.36,-18.14
PB-PIN5-32,NSWO,PI,32,-13.48,-15.23
PB-PIN5-32,VESP,PI,32,-15.2,-17.62
PB-PIN5-32,AMRO,PI,32,-15.26,-18.13
PB-PIN5-32,DEJU,PI,32,-22.36,-22.98
PB-PIN5-32,MGWA,PI,32,-20.59,-20.79
PB-PIN5-32,LCSP,PI,32,-50.14,-49.32
PB-PIN5-32,BADO,PI,32,-27.66,-32.69
PB-PIN5-87,WEME,PI,87,-29.92,-33.7
PB-PIN5-87,CSWA,PI,87,-36.7,-41.65
PB-PIN5-87,BOCH,PI,87,-46.28,-48.3
PB-PIN5-87,MAWR,PI,87,-29.24,-35.35
PB-PIN5-87,CCSP,PI,87,-41.81,-43.82
PB-PIN5-87,ALFL,PI,87,-35.86,-39.33
PB-PIN5-87,BRBL,PI,87,-30.37,-36.04
PB-PIN5-87,AMCR,PI,87,-34.55,-36.06
PB-PIN5-87,NSWO,PI,87,-31.41,-35.07
PB-PIN5-87,VESP,PI,87,-30.32,-34.65
PB-PIN5-87,AMRO,PI,87,-26.38,-30.23
PB-PIN5-87,DEJU,PI,87,-41.75,-45.45
PB-PIN5-87,MGWA,PI,87,-34.12,-38.4
PB-PIN5-87,BADO,PI,87,-43.95,-45.55
PB-PIN6-144,WEME,PI,144,-42.63,-40.71
PB-PIN6-144,NSWO,PI,144,-42.6,-41.3
PB-PIN6-144,MGWA,PI,144,-47.96,-52.03
PB-PIN6-144,AMRO,PI,144,-46.9,-49.97
PB-PIN6-144,VESP,PI,144,-50.85,-50.22
PB-PIN6-30,WEME,PI,30,-22.07,-22.56
PB-PIN6-30,NSWO,PI,30,-14.74,-16.72
PB-PIN6-30,MGWA,PI,30,-24.66,-27.34
PB-PIN6-30,BRBL,PI,30,-26.6,-23.66
PB-PIN6-30,ALFL,PI,30,-21.08,-22.89
PB-PIN6-30,BOCH,PI,30,-34.04,-35.07
PB-PIN6-30,BADO,PI,30,-30.86,-30.03
PB-PIN6-30,AMCR,PI,30,-23.15,-21.72
PB-PIN6-30,CCSP,PI,30,-29.27,-28.61
PB-PIN6-30,AMRO,PI,30,-22.13,-19.96
PB-PIN6-30,VESP,PI,30,-21.13,-23.83
PB-PIN6-30,DEJU,PI,30,-31.52,-29.38
PB-PIN6-30,CSWA,PI,30,-25.43,-24.85
PB-PIN6-30,LCSP,PI,30,-47.26,-45.4
PB-PIN6-30,MAWR,PI,30,-26.92,-25.2
PB-PIN6-45,WEME,PI,45,-29.18,-27.64
PB-PIN6-45,NSWO,PI,45,-22.48,-20.28
PB-PIN6-45,MGWA,PI,45,-31.85,-31.89
PB-PIN6-45,BRBL,PI,45,-29.66,-28.73
PB-PIN6-45,ALFL,PI,45,-29.25,-26.45
PB-PIN6-45,BOCH,PI,45,-41.78,-36.65
PB-PIN6-45,BADO,PI,45,-33.62,-37.93
PB-PIN6-45,AMCR,PI,45,-23.3,-28.75
PB-PIN6-45,CCSP,PI,45,-34.76,-29.73
PB-PIN6-45,AMRO,PI,45,-24.57,-24.58
PB-PIN6-45,VESP,PI,45,-24.43,-28.25
PB-PIN6-45,MGWA,PI,45,-35.63,-33.09
PB-PIN6-45,CSWA,PI,45,-29.76,-27.7
PB-PIN6-45,LCSP,PI,45,-50.31,-48.8
PB-PIN6-45,MAWR,PI,45,-29.9,-29.33
PB-PIN7-117,NSWO,PI,117,-28.7,-29.84
PB-PIN7-117,AMRO,PI,117,-37.78,-33.28
PB-PIN7-117,WEME,PI,117,-35.03,-34.59
PB-PIN7-117,VESP,PI,117,-37.93,-39.91
PB-PIN7-146,NSWO,PI,146,-33.83,-31.75
PB-PIN7-146,WEME,PI,146,-41.37,-40.85
PB-PIN7-146,VESP,PI,146,-53.41,-46.07
PB-PIN7-49,NSWO,PI,49,-14.63,-21.22
PB-PIN7-49,DEJU,PI,49,-41.43,-41.18
PB-PIN7-49,AMRO,PI,49,-23.14,-27.09
PB-PIN7-49,WEME,PI,49,-19.69,-22.48
PB-PIN7-49,MGWA,PI,49,-27.61,-29.43
PB-PIN7-49,AMCR,PI,49,-16.62,-14.47
PB-PIN7-49,CSWA,PI,49,-32.13,-32.27
PB-PIN7-49,ALFL,PI,49,-28.14,-30.37
PB-PIN7-49,VESP,PI,49,-26.48,-29.79
PB-PIN7-49,CCSP,PI,49,-30.49,-34.04
PB-PIN7-49,BOCH,PI,49,-38.16,-38.27
PB-PIN7-49,BRBL,PI,49,-21.94,-26.49
PB-PIN7-49,MAWR,PI,49,-22.67,-31.25
PB-PIN8-141,WEME,PI,141,-35.3,-34.79
PB-PIN8-141,MGWA,PI,141,-42.21,-37.7
PB-PIN8-141,VESP,PI,141,-36.7,-36.33
PB-PIN8-141,BRBL,PI,141,-38.42,-35.81
PB-PIN8-141,AMCR,PI,141,-36.74,-33.07
PB-PIN8-141,CCSP,PI,141,-42.96,-43.7
PB-PIN8-141,CSWA,PI,141,-39.58,-38.07
PB-PIN8-141,AMRO,PI,141,-36.23,-38.12
PB-PIN8-141,MAWR,PI,141,-38.71,-38.47
PB-PIN8-141,NSWO,PI,141,-33.44,-32.78
PB-PIN8-141,ALFL,PI,141,-38.53,-37.52
PB-PIN8-33,BADO,PI,33,-23.32,-25.4
PB-PIN8-33,VESP,PI,33,-28.29,-29.77
PB-PIN8-33,BRBL,PI,33,-21.97,-20.62
PB-PIN8-33,AMCR,PI,33,-19.7,-18.23
PB-PIN8-33,CCSP,PI,33,-29.86,-28.32
PB-PIN8-33,CSWA,PI,33,-26.54,-27.06
PB-PIN8-33,AMRO,PI,33,-18.6,-15.17
PB-PIN8-33,MAWR,PI,33,-24.28,-19.26
PB-PIN8-33,DEJU,PI,33,-26.87,-19.43
PB-PIN8-33,NSWO,PI,33,-15.68,-15.69
PB-PIN8-33,ALFL,PI,33,-23.06,-23.46
PB-PIN8-33,WEME,PI,33,-17.08,-16.45
PB-PIN8-33,MGWA,PI,33,-26.72,-25.98
PB-PIN8-88,WEME,PI,88,-25.61,-25.53
PB-PIN8-88,MGWA,PI,88,-34.16,-31.6
PB-PIN8-88,BOCH,PI,88,-39.33,-40.74
PB-PIN8-88,BADO,PI,88,-20.63,-26.22
PB-PIN8-88,VESP,PI,88,-34.27,-32.98
PB-PIN8-88,BRBL,PI,88,-31.36,-29.26
PB-PIN8-88,AMCR,PI,88,-27.39,-27.98
PB-PIN8-88,CCSP,PI,88,-37.15,-35.99
PB-PIN8-88,CSWA,PI,88,-36.51,-35.58
PB-PIN8-88,AMRO,PI,88,-26.24,-22.01
PB-PIN8-88,MAWR,PI,88,-30.43,-27.51
PB-PIN8-88,DEJU,PI,88,-39.04,-36.96
PB-PIN8-88,NSWO,PI,88,-21.84,-20.19
PB-PIN8-88,ALFL,PI,88,-34.19,-33.3
PB-PIN9-125,WEME,PI,125,-35.91,-32.56
PB-PIN9-125,NSWO,PI,125,-35.82,-42.04
PB-PIN9-125,MGWA,PI,125,-34.08,-34.35
PB-PIN9-125,BRBL,PI,125,-34.77,-36.47
PB-PIN9-125,ALFL,PI,125,-40.68,-43.5
PB-PIN9-125,AMRO,PI,125,-36.96,-37.76
PB-PIN9-125,CCSP,PI,125,-44.97,-44.2
PB-PIN9-125,AMRO,PI,125,-38.94,-34.23
PB-PIN9-125,VESP,PI,125,-38.27,-37.97
PB-PIN9-125,DEJU,PI,125,-47.9,-42.92
PB-PIN9-125,CSWA,PI,125,-32.96,-43.99
PB-PIN9-125,MAWR,PI,125,-35.92,-39.21
PB-PIN9-48,WEME,PI,48,-32.42,-27.11
PB-PIN9-48,NSWO,PI,48,-31.14,-26.45
PB-PIN9-48,MGWA,PI,48,-37.62,-35.77
PB-PIN9-48,BRBL,PI,48,-34.94,-36.07
PB-PIN9-48,ALFL,PI,48,-35.82,-35.27
PB-PIN9-48,BOCH,PI,48,-41.91,-42.92
PB-PIN9-48,BADO,PI,48,-25.48,-32.15
PB-PIN9-48,AMCR,PI,48,-30.44,-31.61
PB-PIN9-48,CCSP,PI,48,-36.96,-36.56
PB-PIN9-48,AMRO,PI,48,-32.32,-28.95
PB-PIN9-48,VESP,PI,48,-36.21,-34.69
PB-PIN9-48,DEJU,PI,48,-38.83,-39.68
PB-PIN9-48,CSWA,PI,48,-36.36,-36.54
PB-PIN9-48,LCSP,PI,48,-41.94,-50.48
PB-PIN9-48,MAWR,PI,48,-36.78,-33.31
PB-PIN9-69,WEME,PI,69,-36.83,-35.33
PB-PIN9-69,NSWO,PI,69,-35.69,-32.15
PB-PIN9-69,MGWA,PI,69,-38.03,-40.43
PB-PIN9-69,BRBL,PI,69,-35.5,-39.5
PB-PIN9-69,ALFL,PI,69,-36.49,-38.65
PB-PIN9-69,BOCH,PI,69,-41.71,-44.07
PB-PIN9-69,AMCR,PI,69,-38.69,-38.69
PB-PIN9-69,CCSP,PI,69,-41.78,-44.78
PB-PIN9-69,AMRO,PI,69,-37.5,-36.96
PB-PIN9-69,VESP,PI,69,-39.13,-41.12
PB-PIN9-69,DEJU,PI,69,-42.21,-43.95
PB-PIN9-69,CSWA,PI,69,-39.21,-41.71
PB-PIN9-69,MAWR,PI,69,-39.16,-38.97
PB-SPR1-28,BADO,SP,28,-33.07,-34.83
PB-SPR1-28,BOCH,SP,28,-30.5,-37.44
PB-SPR1-28,LCSP,SP,28,-45.5,-46.67
PB-SPR1-28,MAWR,SP,28,-23.76,-27.95
PB-SPR1-28,AMCR,SP,28,-16.51,-25.48
PB-SPR1-28,ALFL,SP,28,-20.11,-25.01
PB-SPR1-28,NSWO,SP,28,-13.81,-20.26
PB-SPR1-28,WEME,SP,28,-24.78,-27.49
PB-SPR1-28,VESP,SP,28,-23.82,-27.26
PB-SPR1-28,MGWA,SP,28,-25.2,-31.53
PB-SPR1-28,CCSP,SP,28,-29.9,-33.33
PB-SPR1-28,CSWA,SP,28,-25.5,-31.38
PB-SPR1-28,DEJU,SP,28,-26.68,-37.03
PB-SPR1-28,AMRO,SP,28,-22.73,-23.78
PB-SPR1-28,BRBL,SP,28,-22.67,-26.41
PB-SPR2-124,WEME,SP,124,-21.91,-10.57
PB-SPR2-124,MAWR,SP,124,-21.79,-25.35
PB-SPR2-124,ALFL,SP,124,-29.0,-20.31
PB-SPR2-124,BRBL,SP,124,-42.67,-32.94
PB-SPR2-124,AMCR,SP,124,-19.56,-18.88
PB-SPR2-124,NSWO,SP,124,-41.52,-29.76
PB-SPR2-124,VESP,SP,124,-35.47,-30.84
PB-SPR2-124,AMRO,SP,124,-25.07,-29.39
PB-SPR2-30,WEME,SP,30,-11.1,-9.35
PB-SPR2-30,CSWA,SP,30,-21.44,-15.92
PB-SPR2-30,BOCH,SP,30,-35.33,-35.18
PB-SPR2-30,MAWR,SP,30,-19.11,-16.11
PB-SPR2-30,CCSP,SP,30,-28.11,-24.75
PB-SPR2-30,ALFL,SP,30,-21.94,-9.43
PB-SPR2-30,BRBL,SP,30,-16.1,-8.73
PB-SPR2-30,AMCR,SP,30,-13.68,-7.14
PB-SPR2-30,NSWO,SP,30,-9.23,-9.15
PB-SPR2-30,VESP,SP,30,-17.8,-10.0
PB-SPR2-30,AMRO,SP,30,-17.52,-10.67
PB-SPR2-30,DEJU,SP,30,-29.64,-12.95
PB-SPR2-30,MGWA,SP,30,-18.82,-20.21
PB-SPR2-30,LCSP,SP,30,-21.96,-14.83
PB-SPR2-30,BADO,SP,30,-3.26,-2.77
PB-SPR2-60,WEME,SP,60,-17.81,-14.94
PB-SPR2-60,CSWA,SP,60,-23.91,-19.38
PB-SPR2-60,BOCH,SP,60,-16.16,-15.26
PB-SPR2-60,MAWR,SP,60,-25.92,-23.11
PB-SPR2-60,CCSP,SP,60,-29.27,-25.66
PB-SPR2-60,ALFL,SP,60,-23.14,-19.49
PB-SPR2-60,BRBL,SP,60,-20.35,-10.12
PB-SPR2-60,AMCR,SP,60,-19.61,-13.97
PB-SPR2-60,NSWO,SP,60,-13.04,-13.34
PB-SPR2-60,VESP,SP,60,-13.54,-19.7
PB-SPR2-60,AMRO,SP,60,-22.85,-14.01
PB-SPR2-60,DEJU,SP,60,-27.14,-34.27
PB-SPR2-60,MGWA,SP,60,-15.91,-28.38
PB-SPR2-60,LCSP,SP,60,-41.71,-44.87
PB-SPR2-60,BADO,SP,60,-9.5,-19.77
PB-SPR3-26,WEME,SP,26,-11.47,-16.54
PB-SPR3-26,MGWA,SP,26,-13.1,-17.04
PB-SPR3-26,BOCH,SP,26,-22.24,-25.97
PB-SPR3-26,BADO,SP,26,-2.9,-3.32
PB-SPR3-26,VESP,SP,26,-15.51,-17.03
PB-SPR3-26,LCSP,SP,26,-25.65,-35.35
PB-SPR3-26,BRBL,SP,26,-11.54,-16.71
PB-SPR3-26,AMCR,SP,26,-11.38,-17.86
PB-SPR3-26,CCSP,SP,26,-17.31,-18.05
PB-SPR3-26,CSWA,SP,26,-19.05,-18.91
PB-SPR3-26,AMRO,SP,26,-9.52,-12.57
PB-SPR3-26,MAWR,SP,26,-12.02,-14.33
PB-SPR3-26,DEJU,SP,26,-17.06,-19.41
PB-SPR3-26,NSWO,SP,26,-11.66,-16.72
PB-SPR3-26,ALFL,SP,26,-11.23,-15.65
PB-SPR3-49,WEME,SP,49,-18.84,-23.54
PB-SPR3-49,MGWA,SP,49,-19.91,-26.17
PB-SPR3-49,BOCH,SP,49,-26.73,-34.5
PB-SPR3-49,BADO,SP,49,-23.89,-25.19
PB-SPR3-49,VESP,SP,49,-24.0,-24.27
PB-SPR3-49,LCSP,SP,49,-37.05,-36.31
PB-SPR3-49,BRBL,SP,49,-22.4,-24.91
PB-SPR3-49,AMCR,SP,49,-16.87,-23.66
PB-SPR3-49,CCSP,SP,49,-31.57,-29.09
PB-SPR3-49,CSWA,SP,49,-27.24,-26.51
PB-SPR3-49,AMRO,SP,49,-16.79,-14.2
PB-SPR3-49,MAWR,SP,49,-21.14,-20.08
PB-SPR3-49,DEJU,SP,49,-27.12,-25.89
PB-SPR3-49,NSWO,SP,49,-13.65,-17.9
PB-SPR3-49,ALFL,SP,49,-28.48,-27.86
PB-SPR3-52,WEME,SP,52,-16.67,-19.96
PB-SPR3-52,MGWA,SP,52,-24.98,-26.55
PB-SPR3-52,BOCH,SP,52,-32.92,-36.58
PB-SPR3-52,BADO,SP,52,-24.73,-28.6
PB-SPR3-52,VESP,SP,52,-20.68,-25.39
PB-SPR3-52,LCSP,SP,52,-33.04,-37.62
PB-SPR3-52,BRBL,SP,52,-20.38,-23.14
PB-SPR3-52,AMCR,SP,52,-20.18,-23.52
PB-SPR3-52,CCSP,SP,52,-28.83,-27.54
PB-SPR3-52,CSWA,SP,52,-27.61,-27.28
PB-SPR3-52,AMRO,SP,52,-14.75,-13.65
PB-SPR3-52,MAWR,SP,52,-23.8,-22.85
PB-SPR3-52,DEJU,SP,52,-32.85,-34.43
PB-SPR3-52,NSWO,SP,52,-18.16,-25.16
PB-SPR3-52,ALFL,SP,52,-24.25,-26.9
PB-SPR4-123,VESP,SP,123,-34.13,-36.81
PB-SPR4-123,NSWO,SP,123,-27.94,-31.44
PB-SPR4-123,BRBL,SP,123,-16.4,-23.85
PB-SPR4-123,WEME,SP,123,-20.06,-24.61
PB-SPR4-123,CSWA,SP,123,-23.06,-29.39
PB-SPR4-123,AMRO,SP,123,-24.4,-28.08
PB-SPR4-123,MAWR,SP,123,-16.09,-26.07
PB-SPR4-123,MGWA,SP,123,-27.59,-35.6
PB-SPR4-123,DEJU,SP,123,-36.14,-47.7
PB-SPR4-123,CCSP,SP,123,-28.99,-42.96
PB-SPR4-123,ALFL,SP,123,-30.88,-34.04
PB-SPR4-123,AMCR,SP,123,-36.72,-37.84
PB-SPR4-130,VESP,SP,130,-30.43,-27.31
PB-SPR4-130,NSWO,SP,130,-28.4,-35.04
PB-SPR4-130,BRBL,SP,130,-24.79,-35.87
PB-SPR4-130,WEME,SP,130,-32.7,-40.94
PB-SPR4-130,CSWA,SP,130,-35.31,-38.49
PB-SPR4-130,AMRO,SP,130,-35.77,-39.5
PB-SPR4-130,MAWR,SP,130,-32.77,-34.0
PB-SPR4-130,MGWA,SP,130,-38.81,-38.76
PB-SPR4-130,DEJU,SP,130,-40.07,-42.11
PB-SPR4-130,BOCH,SP,130,-38.58,-40.32
PB-SPR4-130,CCSP,SP,130,-40.68,-43.95
PB-SPR4-130,ALFL,SP,130,-37.8,-40.71
PB-SPR4-130,AMCR,SP,130,-36.67,-40.8
PB-SPR4-56,VESP,SP,56,-24.12,-29.49
PB-SPR4-56,NSWO,SP,56,-16.88,-21.88
PB-SPR4-56,LCSP,SP,56,-42.56,-41.3
PB-SPR4-56,BADO,SP,56,-26.44,-23.7
PB-SPR4-56,BRBL,SP,56,-22.23,-29.13
PB-SPR4-56,WEME,SP,56,-20.18,-25.43
PB-SPR4-56,CSWA,SP,56,-26.86,-30.27
PB-SPR4-56,AMRO,SP,56,-20.61,-26.47
PB-SPR4-56,MAWR,SP,56,-23.09,-28.75
PB-SPR4-56,MGWA,SP,56,-27.33,-32.26
PB-SPR4-56,DEJU,SP,56,-25.01,-31.63
PB-SPR4-56,BOCH,SP,56,-35.73,-39.09
PB-SPR4-56,CCSP,SP,56,-30.44,-37.07
PB-SPR4-56,ALFL,SP,56,-30.05,-31.96
PB-SPR4-56,AMCR,SP,56,-20.07,-25.77
